history_id,employee_id,event_id,status,occurred_at
H001474,E0171,EV_CUSTOMER_SUPPORT_01,skipped,2024-09-23T08:00:00Z
H001660,E0195,EV_SOFT_09,completed,2024-09-23T08:00:00Z
H000216,E0032,EV_BACKEND_03,skipped,2024-09-24T08:00:00Z
H001332,E0159,EV_PRODUCT_06,declined,2024-09-24T08:00:00Z
H001547,E0179,EV_SOFT_08,skipped,2024-09-24T08:00:00Z
H001105,E0134,EV_PRODUCT_02,completed,2024-09-25T08:00:00Z
H000064,E0016,EV_SOFT_02,completed,2024-09-26T08:00:00Z
H000888,E0114,EV_QA_01,completed,2024-09-26T08:00:00Z
H000885,E0114,EV_SOFT_08,completed,2024-09-27T08:00:00Z
H000940,E0119,EV_SOFT_06,completed,2024-09-27T08:00:00Z
H001487,E0172,EV_SOFT_07,skipped,2024-09-27T08:00:00Z
H000182,E0029,EV_SOFT_04,declined,2024-09-28T08:00:00Z
H000363,E0053,EV_SOFT_00,declined,2024-09-28T08:00:00Z
H000470,E0067,EV_SOFT_01,skipped,2024-09-29T08:00:00Z
H000472,E0067,EV_SOFT_04,skipped,2024-09-29T08:00:00Z
H000777,E0100,EV_SOFT_03,skipped,2024-09-29T08:00:00Z
H000995,E0125,EV_SOFT_01,completed,2024-09-29T08:00:00Z
H000233,E0034,EV_BACKEND_04,declined,2024-09-30T08:00:00Z
H000902,E0115,EV_QA_04,declined,2024-09-30T08:00:00Z
H001151,E0138,EV_PRODUCT_05,completed,2024-09-30T08:00:00Z
H001554,E0181,EV_CUSTOMER_SUPPORT_02,completed,2024-09-30T08:00:00Z
H000224,E0032,EV_SOFT_03,completed,2024-10-01T08:00:00Z
H000238,E0034,EV_SOFT_00,skipped,2024-10-01T08:00:00Z
H000774,E0100,EV_QA_02,completed,2024-10-01T08:00:00Z
H001176,E0141,EV_PRODUCT_03,skipped,2024-10-02T08:00:00Z
H001108,E0134,EV_SOFT_01,declined,2024-10-04T08:00:00Z
H001336,E0159,EV_SOFT_08,completed,2024-10-04T08:00:00Z
H001378,E0164,EV_SOFT_09,completed,2024-10-04T08:00:00Z
H000145,E0026,EV_BACKEND_01,completed,2024-10-05T08:00:00Z
H001486,E0172,EV_CUSTOMER_SUPPORT_02,completed,2024-10-05T08:00:00Z
H000513,E0071,EV_SOFT_04,declined,2024-10-06T08:00:00Z
H001422,E0167,EV_SOFT_05,skipped,2024-10-07T08:00:00Z
H000626,E0084,EV_SOFT_01,skipped,2024-10-08T08:00:00Z
H001640,E0192,EV_SOFT_02,completed,2024-10-08T08:00:00Z
H000710,E0094,EV_SOFT_05,skipped,2024-10-09T08:00:00Z
H001107,E0134,EV_SOFT_02,skipped,2024-10-09T08:00:00Z
H000336,E0048,EV_SOFT_07,skipped,2024-10-10T08:00:00Z
H000923,E0117,EV_SOFT_04,completed,2024-10-10T08:00:00Z
H001153,E0138,EV_SOFT_08,skipped,2024-10-10T08:00:00Z
H001269,E0151,EV_SOFT_08,skipped,2024-10-10T08:00:00Z
H000628,E0084,EV_SOFT_02,declined,2024-10-11T08:00:00Z
H001540,E0179,EV_SOFT_03,completed,2024-10-12T08:00:00Z
H000619,E0082,EV_SOFT_05,skipped,2024-10-13T08:00:00Z
H000670,E0090,EV_QA_03,completed,2024-10-13T08:00:00Z
H000289,E0039,EV_SOFT_01,skipped,2024-10-17T08:00:00Z
H000712,E0094,EV_SOFT_08,skipped,2024-10-17T08:00:00Z
H000244,E0035,EV_BACKEND_04,declined,2024-10-18T08:00:00Z
H000949,E0120,EV_QA_05,completed,2024-10-19T08:00:00Z
H000992,E0125,EV_SOFT_02,skipped,2024-10-19T08:00:00Z
H001446,E0169,EV_SOFT_08,declined,2024-10-19T08:00:00Z
H001206,E0144,EV_SOFT_01,completed,2024-10-21T08:00:00Z
H001056,E0130,EV_SOFT_04,skipped,2024-10-22T08:00:00Z
H000491,E0069,EV_SOFT_09,declined,2024-10-23T08:00:00Z
H000743,E0097,EV_SOFT_07,declined,2024-10-23T08:00:00Z
H000754,E0099,EV_QA_04,skipped,2024-10-23T08:00:00Z
H001415,E0166,EV_CUSTOMER_SUPPORT_05,skipped,2024-10-23T08:00:00Z
H000378,E0057,EV_SOFT_07,completed,2024-10-24T08:00:00Z
H000540,E0074,EV_SOFT_00,declined,2024-10-24T08:00:00Z
H001364,E0163,EV_CUSTOMER_SUPPORT_05,completed,2024-10-24T08:00:00Z
H001564,E0183,EV_CUSTOMER_SUPPORT_05,completed,2024-10-24T08:00:00Z
H001297,E0154,EV_PRODUCT_03,declined,2024-10-25T08:00:00Z
H001348,E0162,EV_SOFT_09,declined,2024-10-25T08:00:00Z
H001468,E0171,EV_SOFT_05,completed,2024-10-25T08:00:00Z
H000815,E0107,EV_SOFT_08,skipped,2024-10-26T08:00:00Z
H000718,E0094,EV_SOFT_03,completed,2024-10-27T08:00:00Z
H001146,E0138,EV_PRODUCT_03,completed,2024-10-27T08:00:00Z
H001707,E0200,EV_SOFT_08,skipped,2024-10-28T08:00:00Z
H000733,E0096,EV_SOFT_00,completed,2024-10-29T08:00:00Z
H001188,E0141,EV_SOFT_09,completed,2024-10-29T08:00:00Z
H000302,E0039,EV_SOFT_07,skipped,2024-10-30T08:00:00Z
H001036,E0128,EV_SOFT_08,completed,2024-10-30T08:00:00Z
H001179,E0141,EV_SOFT_08,completed,2024-10-30T08:00:00Z
H001460,E0170,EV_SOFT_01,skipped,2024-10-30T08:00:00Z
H001529,E0177,EV_SOFT_02,completed,2024-10-30T08:00:00Z
H001539,E0179,EV_CUSTOMER_SUPPORT_03,skipped,2024-10-30T08:00:00Z
H001139,E0137,EV_SOFT_02,skipped,2024-10-31T08:00:00Z
H001587,E0184,EV_SOFT_01,completed,2024-10-31T08:00:00Z
H000149,E0026,EV_SOFT_00,skipped,2024-11-01T08:00:00Z
H000973,E0122,EV_PRODUCT_04,completed,2024-11-01T08:00:00Z
H000637,E0084,EV_QA_01,skipped,2024-11-02T08:00:00Z
H001317,E0156,EV_PRODUCT_06,skipped,2024-11-02T08:00:00Z
H000450,E0064,EV_SOFT_08,completed,2024-11-04T08:00:00Z
H001044,E0129,EV_PRODUCT_03,completed,2024-11-04T08:00:00Z
H000586,E0078,EV_SOFT_06,declined,2024-11-05T08:00:00Z
H000921,E0117,EV_SOFT_05,completed,2024-11-05T08:00:00Z
H000711,E0094,EV_QA_01,completed,2024-11-06T08:00:00Z
H000806,E0105,EV_SOFT_09,completed,2024-11-06T08:00:00Z
H001050,E0130,EV_SOFT_03,completed,2024-11-06T08:00:00Z
H001055,E0130,EV_PRODUCT_02,completed,2024-11-06T08:00:00Z
H001304,E0155,EV_PRODUCT_04,completed,2024-11-06T08:00:00Z
H001490,E0172,EV_SOFT_03,completed,2024-11-06T08:00:00Z
H000189,E0029,EV_SOFT_05,skipped,2024-11-07T08:00:00Z
H000382,E0058,EV_SOFT_02,declined,2024-11-07T08:00:00Z
H000775,E0100,EV_QA_04,completed,2024-11-07T08:00:00Z
H001077,E0131,EV_SOFT_00,skipped,2024-11-07T08:00:00Z
H001588,E0185,EV_CUSTOMER_SUPPORT_04,completed,2024-11-07T08:00:00Z
H000809,E0105,EV_QA_03,skipped,2024-11-08T08:00:00Z
H000622,E0083,EV_SOFT_05,completed,2024-11-09T08:00:00Z
H000333,E0048,EV_DATA_ANALYST_04,declined,2024-11-10T08:00:00Z
H000090,E0019,EV_SOFT_08,skipped,2024-11-15T08:00:00Z
H000882,E0113,EV_QA_06,completed,2024-11-15T08:00:00Z
H000446,E0064,EV_SOFT_02,skipped,2024-11-16T08:00:00Z
H000305,E0040,EV_BACKEND_05,completed,2024-11-17T08:00:00Z
H001445,E0169,EV_CUSTOMER_SUPPORT_02,skipped,2024-11-17T08:00:00Z
H000324,E0047,EV_SOFT_01,completed,2024-11-18T08:00:00Z
H001312,E0156,EV_SOFT_08,skipped,2024-11-18T08:00:00Z
H001596,E0187,EV_CUSTOMER_SUPPORT_06,skipped,2024-11-18T08:00:00Z
H000807,E0105,EV_SOFT_05,skipped,2024-11-19T08:00:00Z
H001152,E0138,EV_SOFT_00,completed,2024-11-19T08:00:00Z
H000757,E0099,EV_SOFT_03,declined,2024-11-20T08:00:00Z
H000005,E0009,EV_SOFT_06,completed,2024-11-21T08:00:00Z
H000516,E0071,EV_DATA_ANALYST_04,completed,2024-11-23T08:00:00Z
H000762,E0099,EV_SOFT_04,declined,2024-11-23T08:00:00Z
H000763,E0099,EV_SOFT_07,completed,2024-11-24T08:00:00Z
H000984,E0123,EV_SOFT_02,completed,2024-11-25T08:00:00Z
H001231,E0146,EV_PRODUCT_05,skipped,2024-11-25T08:00:00Z
H001573,E0183,EV_SOFT_05,skipped,2024-11-25T08:00:00Z
H001701,E0200,EV_SOFT_03,completed,2024-11-25T08:00:00Z
H000826,E0109,EV_QA_04,declined,2024-11-26T08:00:00Z
H000857,E0111,EV_QA_03,declined,2024-11-26T08:00:00Z
H000409,E0060,EV_DATA_ANALYST_05,completed,2024-11-29T08:00:00Z
H000997,E0125,EV_SOFT_05,declined,2024-11-29T08:00:00Z
H000482,E0068,EV_SOFT_09,declined,2024-11-30T08:00:00Z
H001178,E0141,EV_PRODUCT_02,completed,2024-11-30T08:00:00Z
H000852,E0111,EV_QA_02,completed,2024-12-01T08:00:00Z
H001213,E0145,EV_PRODUCT_01,skipped,2024-12-01T08:00:00Z
H000181,E0029,EV_SOFT_00,completed,2024-12-03T08:00:00Z
H000381,E0057,EV_SOFT_06,completed,2024-12-03T08:00:00Z
H000904,E0115,EV_SOFT_09,declined,2024-12-03T08:00:00Z
H000858,E0111,EV_QA_04,declined,2024-12-05T08:00:00Z
H000872,E0113,EV_SOFT_01,skipped,2024-12-05T08:00:00Z
H000492,E0069,EV_DATA_ANALYST_01,skipped,2024-12-06T08:00:00Z
H001051,E0130,EV_SOFT_02,completed,2024-12-06T08:00:00Z
H001392,E0165,EV_SOFT_02,skipped,2024-12-06T08:00:00Z
H000918,E0117,EV_SOFT_03,declined,2024-12-07T08:00:00Z
H001030,E0128,EV_SOFT_05,completed,2024-12-07T08:00:00Z
H001161,E0139,EV_SOFT_08,skipped,2024-12-07T08:00:00Z
H001636,E0191,EV_SOFT_04,completed,2024-12-08T08:00:00Z
H000943,E0120,EV_QA_06,completed,2024-12-09T08:00:00Z
H001516,E0175,EV_SOFT_00,completed,2024-12-09T08:00:00Z
H001128,E0136,EV_SOFT_02,completed,2024-12-10T08:00:00Z
H001425,E0167,EV_CUSTOMER_SUPPORT_03,skipped,2024-12-10T08:00:00Z
H001676,E0196,EV_CUSTOMER_SUPPORT_02,skipped,2024-12-11T08:00:00Z
H000421,E0061,EV_DATA_ANALYST_04,skipped,2024-12-12T08:00:00Z
H001154,E0138,EV_SOFT_06,skipped,2024-12-12T08:00:00Z
H001238,E0148,EV_SOFT_05,declined,2024-12-12T08:00:00Z
H001271,E0152,EV_SOFT_09,skipped,2024-12-12T08:00:00Z
H000229,E0033,EV_BACKEND_06,declined,2024-12-13T08:00:00Z
H000295,E0039,EV_BACKEND_06,skipped,2024-12-13T08:00:00Z
H000755,E0099,EV_SOFT_00,declined,2024-12-13T08:00:00Z
H000955,E0120,EV_SOFT_08,completed,2024-12-13T08:00:00Z
H001072,E0131,EV_PRODUCT_03,completed,2024-12-13T08:00:00Z
H001218,E0145,EV_SOFT_08,completed,2024-12-13T08:00:00Z
H000045,E0014,EV_BACKEND_02,declined,2024-12-14T08:00:00Z
H001057,E0130,EV_SOFT_00,completed,2024-12-14T08:00:00Z
H001061,E0130,EV_SOFT_05,completed,2024-12-14T08:00:00Z
H001524,E0175,EV_SOFT_01,skipped,2024-12-15T08:00:00Z
H000236,E0034,EV_BACKEND_04,skipped,2024-12-17T08:00:00Z
H000325,E0047,EV_DATA_ANALYST_02,completed,2024-12-17T08:00:00Z
H001032,E0128,EV_SOFT_07,skipped,2024-12-17T08:00:00Z
H001426,E0167,EV_CUSTOMER_SUPPORT_01,skipped,2024-12-17T08:00:00Z
H001537,E0179,EV_SOFT_05,declined,2024-12-17T08:00:00Z
H000859,E0111,EV_SOFT_01,declined,2024-12-18T08:00:00Z
H001140,E0137,EV_SOFT_04,completed,2024-12-18T08:00:00Z
H001082,E0132,EV_PRODUCT_05,skipped,2024-12-19T08:00:00Z
H000936,E0119,EV_SOFT_03,completed,2024-12-21T08:00:00Z
H001542,E0179,EV_SOFT_05,completed,2024-12-21T08:00:00Z
H000126,E0023,EV_BACKEND_03,skipped,2024-12-22T08:00:00Z
H001167,E0139,EV_PRODUCT_02,completed,2024-12-22T08:00:00Z
H001192,E0142,EV_SOFT_05,declined,2024-12-22T08:00:00Z
H000156,E0027,EV_SOFT_05,declined,2024-12-23T08:00:00Z
H000662,E0090,EV_SOFT_09,completed,2024-12-23T08:00:00Z
H000878,E0113,EV_SOFT_08,completed,2024-12-23T08:00:00Z
H001465,E0170,EV_CUSTOMER_SUPPORT_01,completed,2024-12-23T08:00:00Z
H001700,E0200,EV_SOFT_01,completed,2024-12-23T08:00:00Z
H000611,E0082,EV_SOFT_06,skipped,2024-12-24T08:00:00Z
H000849,E0111,EV_QA_06,completed,2024-12-24T08:00:00Z
H001429,E0167,EV_CUSTOMER_SUPPORT_03,skipped,2024-12-24T08:00:00Z
H001170,E0139,EV_SOFT_08,completed,2024-12-25T08:00:00Z
H001296,E0154,EV_PRODUCT_05,declined,2024-12-25T08:00:00Z
H000051,E0016,EV_BACKEND_01,skipped,2024-12-26T08:00:00Z
H000185,E0029,EV_SOFT_04,skipped,2024-12-26T08:00:00Z
H001094,E0132,EV_SOFT_02,completed,2024-12-27T08:00:00Z
H001261,E0150,EV_PRODUCT_03,declined,2024-12-27T08:00:00Z
H000071,E0017,EV_SOFT_07,declined,2024-12-28T08:00:00Z
H000892,E0114,EV_SOFT_09,skipped,2024-12-31T08:00:00Z
H000960,E0121,EV_SOFT_01,skipped,2024-12-31T08:00:00Z
H001268,E0151,EV_SOFT_03,completed,2024-12-31T08:00:00Z
H000419,E0061,EV_DATA_ANALYST_05,completed,2025-01-01T08:00:00Z
H001071,E0131,EV_SOFT_04,completed,2025-01-01T08:00:00Z
H000245,E0035,EV_SOFT_07,skipped,2025-01-03T08:00:00Z
H000965,E0122,EV_SOFT_06,declined,2025-01-03T08:00:00Z
H000011,E0011,EV_SOFT_01,completed,2025-01-05T08:00:00Z
H000803,E0104,EV_QA_02,declined,2025-01-06T08:00:00Z
H000951,E0120,EV_SOFT_02,declined,2025-01-06T08:00:00Z
H000060,E0016,EV_SOFT_02,skipped,2025-01-07T08:00:00Z
H000075,E0017,EV_SOFT_03,completed,2025-01-07T08:00:00Z
H000162,E0027,EV_SOFT_03,completed,2025-01-07T08:00:00Z
H000897,E0114,EV_SOFT_09,completed,2025-01-07T08:00:00Z
H000153,E0026,EV_SOFT_00,completed,2025-01-08T08:00:00Z
H000839,E0110,EV_SOFT_02,completed,2025-01-08T08:00:00Z
H000910,E0116,EV_SOFT_01,completed,2025-01-08T08:00:00Z
H001135,E0137,EV_SOFT_05,completed,2025-01-08T08:00:00Z
H000543,E0074,EV_SOFT_02,skipped,2025-01-09T08:00:00Z
H000329,E0047,EV_DATA_ANALYST_05,completed,2025-01-10T08:00:00Z
H000528,E0073,EV_DATA_ANALYST_05,skipped,2025-01-11T08:00:00Z
H000856,E0111,EV_SOFT_09,completed,2025-01-11T08:00:00Z
H001597,E0187,EV_SOFT_09,completed,2025-01-11T08:00:00Z
H000043,E0014,EV_BACKEND_04,declined,2025-01-12T08:00:00Z
H000629,E0084,EV_SOFT_07,completed,2025-01-12T08:00:00Z
H001457,E0170,EV_CUSTOMER_SUPPORT_03,completed,2025-01-12T08:00:00Z
H000016,E0011,EV_SOFT_00,skipped,2025-01-13T08:00:00Z
H000299,E0039,EV_SOFT_03,completed,2025-01-13T08:00:00Z
H000855,E0111,EV_QA_05,completed,2025-01-13T08:00:00Z
H000986,E0123,EV_SOFT_09,skipped,2025-01-13T08:00:00Z
H001451,E0170,EV_SOFT_02,completed,2025-01-13T08:00:00Z
H001027,E0128,EV_SOFT_00,completed,2025-01-14T08:00:00Z
H000890,E0114,EV_SOFT_01,completed,2025-01-15T08:00:00Z
H000240,E0034,EV_SOFT_00,skipped,2025-01-16T08:00:00Z
H000317,E0047,EV_SOFT_07,skipped,2025-01-16T08:00:00Z
H001466,E0170,EV_CUSTOMER_SUPPORT_05,completed,2025-01-16T08:00:00Z
H000546,E0074,EV_SOFT_00,skipped,2025-01-17T08:00:00Z
H001247,E0148,EV_PRODUCT_04,completed,2025-01-17T08:00:00Z
H000379,E0057,EV_SOFT_02,declined,2025-01-18T08:00:00Z
H000406,E0059,EV_SOFT_08,completed,2025-01-18T08:00:00Z
H000873,E0113,EV_SOFT_01,skipped,2025-01-18T08:00:00Z
H000988,E0124,EV_SOFT_00,completed,2025-01-18T08:00:00Z
H001333,E0159,EV_SOFT_00,skipped,2025-01-18T08:00:00Z
H001396,E0165,EV_CUSTOMER_SUPPORT_01,skipped,2025-01-18T08:00:00Z
H001630,E0191,EV_SOFT_08,declined,2025-01-18T08:00:00Z
H001655,E0193,EV_SOFT_01,completed,2025-01-18T08:00:00Z
H000294,E0039,EV_SOFT_09,completed,2025-01-19T08:00:00Z
H000979,E0122,EV_SOFT_06,declined,2025-01-19T08:00:00Z
H000009,E0011,EV_BACKEND_01,declined,2025-01-20T08:00:00Z
H000096,E0019,EV_SOFT_01,skipped,2025-01-20T08:00:00Z
H000633,E0084,EV_SOFT_02,declined,2025-01-21T08:00:00Z
H000913,E0116,EV_QA_01,completed,2025-01-21T08:00:00Z
H001416,E0166,EV_SOFT_04,declined,2025-01-21T08:00:00Z
H000253,E0036,EV_SOFT_02,completed,2025-01-24T08:00:00Z
H000746,E0097,EV_QA_03,completed,2025-01-24T08:00:00Z
H001254,E0150,EV_PRODUCT_01,declined,2025-01-24T08:00:00Z
H000320,E0047,EV_SOFT_07,declined,2025-01-25T08:00:00Z
H000364,E0053,EV_SOFT_00,skipped,2025-01-25T08:00:00Z
H000453,E0064,EV_SOFT_04,completed,2025-01-25T08:00:00Z
H001236,E0146,EV_SOFT_00,completed,2025-01-25T08:00:00Z
H000503,E0069,EV_SOFT_00,completed,2025-01-26T08:00:00Z
H001109,E0134,EV_SOFT_01,skipped,2025-01-26T08:00:00Z
H001398,E0165,EV_SOFT_09,completed,2025-01-26T08:00:00Z
H000384,E0058,EV_SOFT_00,declined,2025-01-28T08:00:00Z
H000536,E0073,EV_SOFT_01,completed,2025-01-28T08:00:00Z
H000521,E0071,EV_SOFT_02,completed,2025-01-29T08:00:00Z
H000724,E0095,EV_SOFT_00,declined,2025-01-29T08:00:00Z
H001328,E0159,EV_SOFT_03,completed,2025-01-29T08:00:00Z
H000429,E0062,EV_SOFT_09,declined,2025-01-31T08:00:00Z
H001362,E0163,EV_SOFT_01,declined,2025-01-31T08:00:00Z
H001658,E0194,EV_SOFT_04,completed,2025-01-31T08:00:00Z
H001191,E0142,EV_SOFT_09,completed,2025-02-01T08:00:00Z
H000323,E0047,EV_SOFT_01,skipped,2025-02-02T08:00:00Z
H000779,E0100,EV_SOFT_07,completed,2025-02-02T08:00:00Z
H001477,E0172,EV_SOFT_06,completed,2025-02-03T08:00:00Z
H000183,E0029,EV_SOFT_07,skipped,2025-02-04T08:00:00Z
H001003,E0125,EV_SOFT_00,completed,2025-02-04T08:00:00Z
H001433,E0167,EV_SOFT_00,declined,2025-02-04T08:00:00Z
H001710,E0200,EV_CUSTOMER_SUPPORT_06,skipped,2025-02-04T08:00:00Z
H000555,E0074,EV_DATA_ANALYST_05,declined,2025-02-05T08:00:00Z
H000369,E0055,EV_DATA_ANALYST_05,declined,2025-02-07T08:00:00Z
H001368,E0163,EV_SOFT_06,declined,2025-02-07T08:00:00Z
H000352,E0052,EV_DATA_ANALYST_05,completed,2025-02-08T08:00:00Z
H000437,E0062,EV_DATA_ANALYST_02,completed,2025-02-08T08:00:00Z
H001402,E0165,EV_CUSTOMER_SUPPORT_05,skipped,2025-02-08T08:00:00Z
H000398,E0059,EV_SOFT_07,completed,2025-02-09T08:00:00Z
H000423,E0062,EV_DATA_ANALYST_03,completed,2025-02-09T08:00:00Z
H001672,E0196,EV_CUSTOMER_SUPPORT_04,skipped,2025-02-09T08:00:00Z
H000674,E0091,EV_SOFT_09,completed,2025-02-10T08:00:00Z
H001360,E0162,EV_SOFT_09,skipped,2025-02-10T08:00:00Z
H001225,E0145,EV_SOFT_03,completed,2025-02-11T08:00:00Z
H000797,E0104,EV_SOFT_00,declined,2025-02-12T08:00:00Z
H000985,E0123,EV_PRODUCT_01,completed,2025-02-12T08:00:00Z
H001590,E0186,EV_SOFT_02,declined,2025-02-12T08:00:00Z
H000026,E0013,EV_BACKEND_05,declined,2025-02-13T08:00:00Z
H000525,E0073,EV_SOFT_07,completed,2025-02-13T08:00:00Z
H001046,E0129,EV_PRODUCT_02,skipped,2025-02-13T08:00:00Z
H000012,E0011,EV_BACKEND_03,declined,2025-02-14T08:00:00Z
H000307,E0040,EV_SOFT_05,completed,2025-02-14T08:00:00Z
H001246,E0148,EV_SOFT_02,completed,2025-02-15T08:00:00Z
H001298,E0154,EV_PRODUCT_03,completed,2025-02-15T08:00:00Z
H001096,E0133,EV_PRODUCT_05,completed,2025-02-16T08:00:00Z
H001049,E0129,EV_SOFT_01,skipped,2025-02-17T08:00:00Z
H001235,E0146,EV_SOFT_01,skipped,2025-02-17T08:00:00Z
H001325,E0158,EV_SOFT_05,completed,2025-02-17T08:00:00Z
H000239,E0034,EV_SOFT_03,completed,2025-02-18T08:00:00Z
H001272,E0152,EV_PRODUCT_05,completed,2025-02-18T08:00:00Z
H000036,E0013,EV_SOFT_07,completed,2025-02-19T08:00:00Z
H000328,E0047,EV_SOFT_05,skipped,2025-02-19T08:00:00Z
H000769,E0099,EV_SOFT_09,completed,2025-02-19T08:00:00Z
H000880,E0113,EV_SOFT_01,skipped,2025-02-19T08:00:00Z
H000086,E0019,EV_SOFT_03,completed,2025-02-20T08:00:00Z
H000304,E0040,EV_SOFT_07,completed,2025-02-20T08:00:00Z
H000248,E0036,EV_SOFT_03,skipped,2025-02-21T08:00:00Z
H000588,E0078,EV_SOFT_01,completed,2025-02-21T08:00:00Z
H000961,E0121,EV_SOFT_01,completed,2025-02-22T08:00:00Z
H000998,E0125,EV_SOFT_07,completed,2025-02-22T08:00:00Z
H001099,E0134,EV_SOFT_04,completed,2025-02-23T08:00:00Z
H001058,E0130,EV_SOFT_01,skipped,2025-02-24T08:00:00Z
H001290,E0154,EV_SOFT_04,declined,2025-02-24T08:00:00Z
H000143,E0026,EV_BACKEND_04,completed,2025-02-25T08:00:00Z
H000073,E0017,EV_BACKEND_03,completed,2025-02-26T08:00:00Z
H000657,E0090,EV_SOFT_06,completed,2025-02-26T08:00:00Z
H001054,E0130,EV_SOFT_08,completed,2025-02-26T08:00:00Z
H000356,E0052,EV_SOFT_03,completed,2025-02-27T08:00:00Z
H000495,E0069,EV_SOFT_08,skipped,2025-02-27T08:00:00Z
H001369,E0163,EV_CUSTOMER_SUPPORT_04,completed,2025-02-27T08:00:00Z
H000731,E0096,EV_SOFT_02,declined,2025-02-28T08:00:00Z
H001526,E0176,EV_SOFT_02,completed,2025-02-28T08:00:00Z
H000122,E0023,EV_SOFT_02,completed,2025-03-01T08:00:00Z
H000316,E0047,EV_SOFT_09,completed,2025-03-01T08:00:00Z
H000627,E0084,EV_QA_02,skipped,2025-03-01T08:00:00Z
H000783,E0101,EV_SOFT_03,completed,2025-03-02T08:00:00Z
H000362,E0053,EV_SOFT_01,completed,2025-03-03T08:00:00Z
H001169,E0139,EV_SOFT_05,declined,2025-03-03T08:00:00Z
H000072,E0017,EV_SOFT_07,skipped,2025-03-04T08:00:00Z
H000247,E0036,EV_SOFT_00,skipped,2025-03-04T08:00:00Z
H000668,E0090,EV_SOFT_01,completed,2025-03-04T08:00:00Z
H000242,E0035,EV_BACKEND_02,completed,2025-03-05T08:00:00Z
H001121,E0136,EV_PRODUCT_01,completed,2025-03-05T08:00:00Z
H001499,E0173,EV_CUSTOMER_SUPPORT_04,declined,2025-03-06T08:00:00Z
H000219,E0032,EV_SOFT_05,skipped,2025-03-07T08:00:00Z
H000991,E0125,EV_SOFT_06,completed,2025-03-07T08:00:00Z
H001185,E0141,EV_SOFT_00,declined,2025-03-07T08:00:00Z
H001432,E0167,EV_SOFT_04,completed,2025-03-07T08:00:00Z
H001501,E0174,EV_SOFT_01,skipped,2025-03-07T08:00:00Z
H000087,E0019,EV_BACKEND_01,completed,2025-03-08T08:00:00Z
H000264,E0037,EV_SOFT_00,completed,2025-03-09T08:00:00Z
H000380,E0057,EV_SOFT_09,completed,2025-03-09T08:00:00Z
H000721,E0095,EV_SOFT_00,declined,2025-03-10T08:00:00Z
H001417,E0166,EV_SOFT_09,declined,2025-03-10T08:00:00Z
H001459,E0170,EV_CUSTOMER_SUPPORT_02,skipped,2025-03-10T08:00:00Z
H001462,E0170,EV_SOFT_07,declined,2025-03-10T08:00:00Z
H001666,E0196,EV_CUSTOMER_SUPPORT_01,completed,2025-03-10T08:00:00Z
H000217,E0032,EV_BACKEND_02,completed,2025-03-11T08:00:00Z
H000761,E0099,EV_SOFT_07,skipped,2025-03-12T08:00:00Z
H000781,E0100,EV_SOFT_04,skipped,2025-03-12T08:00:00Z
H000074,E0017,EV_BACKEND_05,declined,2025-03-14T08:00:00Z
H000612,E0082,EV_SOFT_06,completed,2025-03-14T08:00:00Z
H001322,E0157,EV_SOFT_00,skipped,2025-03-14T08:00:00Z
H000234,E0034,EV_BACKEND_04,declined,2025-03-15T08:00:00Z
H000502,E0069,EV_DATA_ANALYST_01,declined,2025-03-15T08:00:00Z
H001124,E0136,EV_SOFT_09,skipped,2025-03-15T08:00:00Z
H001130,E0136,EV_PRODUCT_04,completed,2025-03-15T08:00:00Z
H001489,E0172,EV_CUSTOMER_SUPPORT_03,completed,2025-03-15T08:00:00Z
H000773,E0100,EV_SOFT_08,completed,2025-03-16T08:00:00Z
H000824,E0109,EV_SOFT_09,completed,2025-03-16T08:00:00Z
H000151,E0026,EV_SOFT_01,skipped,2025-03-17T08:00:00Z
H000786,E0103,EV_SOFT_02,completed,2025-03-17T08:00:00Z
H000840,E0110,EV_SOFT_07,skipped,2025-03-17T08:00:00Z
H001316,E0156,EV_PRODUCT_02,completed,2025-03-17T08:00:00Z
H001338,E0160,EV_SOFT_03,completed,2025-03-17T08:00:00Z
H001127,E0136,EV_SOFT_03,completed,2025-03-18T08:00:00Z
H001695,E0198,EV_CUSTOMER_SUPPORT_02,completed,2025-03-18T08:00:00Z
H001319,E0157,EV_PRODUCT_03,skipped,2025-03-19T08:00:00Z
H001358,E0162,EV_SOFT_07,declined,2025-03-19T08:00:00Z
H001384,E0164,EV_SOFT_08,skipped,2025-03-20T08:00:00Z
H000679,E0091,EV_QA_02,declined,2025-03-22T08:00:00Z
H001483,E0172,EV_SOFT_07,declined,2025-03-22T08:00:00Z
H001551,E0179,EV_CUSTOMER_SUPPORT_03,completed,2025-03-22T08:00:00Z
H000148,E0026,EV_SOFT_02,skipped,2025-03-23T08:00:00Z
H000821,E0109,EV_SOFT_02,completed,2025-03-23T08:00:00Z
H001664,E0196,EV_SOFT_06,completed,2025-03-24T08:00:00Z
H000038,E0013,EV_BACKEND_02,completed,2025-03-25T08:00:00Z
H000436,E0062,EV_SOFT_09,completed,2025-03-26T08:00:00Z
H000475,E0067,EV_DATA_ANALYST_03,completed,2025-03-26T08:00:00Z
H000403,E0059,EV_DATA_ANALYST_03,completed,2025-03-27T08:00:00Z
H001492,E0173,EV_SOFT_01,completed,2025-03-27T08:00:00Z
H000100,E0020,EV_SOFT_09,completed,2025-03-28T08:00:00Z
H000101,E0020,EV_SOFT_04,declined,2025-03-28T08:00:00Z
H000210,E0032,EV_SOFT_01,completed,2025-03-28T08:00:00Z
H000814,E0107,EV_SOFT_06,skipped,2025-03-28T08:00:00Z
H001301,E0154,EV_SOFT_04,completed,2025-03-28T08:00:00Z
H000581,E0077,EV_SOFT_04,completed,2025-03-29T08:00:00Z
H001048,E0129,EV_PRODUCT_05,completed,2025-03-29T08:00:00Z
H001262,E0150,EV_SOFT_00,declined,2025-03-29T08:00:00Z
H001594,E0187,EV_SOFT_06,completed,2025-03-29T08:00:00Z
H000252,E0036,EV_SOFT_00,skipped,2025-04-01T08:00:00Z
H000708,E0094,EV_SOFT_01,declined,2025-04-01T08:00:00Z
H001315,E0156,EV_PRODUCT_04,skipped,2025-04-01T08:00:00Z
H000393,E0059,EV_SOFT_08,skipped,2025-04-02T08:00:00Z
H000315,E0047,EV_SOFT_01,skipped,2025-04-03T08:00:00Z
H000539,E0074,EV_DATA_ANALYST_01,completed,2025-04-03T08:00:00Z
H000553,E0074,EV_SOFT_03,completed,2025-04-04T08:00:00Z
H001509,E0174,EV_SOFT_03,skipped,2025-04-05T08:00:00Z
H001520,E0175,EV_CUSTOMER_SUPPORT_03,skipped,2025-04-05T08:00:00Z
H000091,E0019,EV_SOFT_08,completed,2025-04-06T08:00:00Z
H001657,E0193,EV_SOFT_04,skipped,2025-04-06T08:00:00Z
H001376,E0164,EV_SOFT_07,declined,2025-04-08T08:00:00Z
H000214,E0032,EV_BACKEND_03,skipped,2025-04-09T08:00:00Z
H000344,E0051,EV_SOFT_06,completed,2025-04-09T08:00:00Z
H001006,E0126,EV_PRODUCT_04,skipped,2025-04-09T08:00:00Z
H001212,E0145,EV_SOFT_06,skipped,2025-04-10T08:00:00Z
H001548,E0179,EV_CUSTOMER_SUPPORT_01,completed,2025-04-11T08:00:00Z
H000697,E0093,EV_SOFT_05,completed,2025-04-12T08:00:00Z
H001410,E0166,EV_SOFT_06,completed,2025-04-12T08:00:00Z
H000582,E0077,EV_DATA_ANALYST_05,completed,2025-04-13T08:00:00Z
H000996,E0125,EV_SOFT_03,completed,2025-04-13T08:00:00Z
H000155,E0026,EV_BACKEND_05,skipped,2025-04-14T08:00:00Z
H000805,E0104,EV_SOFT_03,skipped,2025-04-14T08:00:00Z
H000551,E0074,EV_DATA_ANALYST_02,completed,2025-04-15T08:00:00Z
H000770,E0099,EV_SOFT_01,completed,2025-04-15T08:00:00Z
H001001,E0125,EV_SOFT_05,completed,2025-04-15T08:00:00Z
H001365,E0163,EV_SOFT_03,declined,2025-04-15T08:00:00Z
H000667,E0090,EV_QA_04,completed,2025-04-16T08:00:00Z
H001083,E0132,EV_PRODUCT_04,completed,2025-04-16T08:00:00Z
H001708,E0200,EV_CUSTOMER_SUPPORT_06,declined,2025-04-16T08:00:00Z
H001029,E0128,EV_SOFT_05,skipped,2025-04-17T08:00:00Z
H001143,E0138,EV_SOFT_03,completed,2025-04-17T08:00:00Z
H000098,E0019,EV_BACKEND_05,declined,2025-04-18T08:00:00Z
H000125,E0023,EV_SOFT_04,skipped,2025-04-18T08:00:00Z
H000184,E0029,EV_BACKEND_04,completed,2025-04-18T08:00:00Z
H001070,E0131,EV_SOFT_08,completed,2025-04-18T08:00:00Z
H000442,E0064,EV_SOFT_05,completed,2025-04-19T08:00:00Z
H000817,E0107,EV_SOFT_05,skipped,2025-04-19T08:00:00Z
H000962,E0121,EV_PRODUCT_04,declined,2025-04-19T08:00:00Z
H000966,E0122,EV_PRODUCT_01,declined,2025-04-19T08:00:00Z
H000120,E0023,EV_SOFT_01,skipped,2025-04-20T08:00:00Z
H001295,E0154,EV_PRODUCT_04,completed,2025-04-20T08:00:00Z
H001335,E0159,EV_PRODUCT_06,completed,2025-04-20T08:00:00Z
H000124,E0023,EV_SOFT_07,completed,2025-04-23T08:00:00Z
H000911,E0116,EV_SOFT_00,completed,2025-04-23T08:00:00Z
H001675,E0196,EV_SOFT_04,skipped,2025-04-23T08:00:00Z
H000663,E0090,EV_SOFT_05,completed,2025-04-24T08:00:00Z
H000927,E0118,EV_QA_03,skipped,2025-04-24T08:00:00Z
H001092,E0132,EV_SOFT_07,declined,2025-04-24T08:00:00Z
H000265,E0037,EV_SOFT_01,completed,2025-04-25T08:00:00Z
H000351,E0051,EV_DATA_ANALYST_01,completed,2025-04-25T08:00:00Z
H000226,E0033,EV_BACKEND_04,completed,2025-04-26T08:00:00Z
H001198,E0142,EV_PRODUCT_04,declined,2025-04-26T08:00:00Z
H001217,E0145,EV_PRODUCT_02,completed,2025-04-26T08:00:00Z
H001388,E0164,EV_SOFT_07,completed,2025-04-26T08:00:00Z
H000007,E0011,EV_SOFT_04,skipped,2025-04-27T08:00:00Z
H000702,E0093,EV_SOFT_04,completed,2025-04-27T08:00:00Z
H001222,E0145,EV_SOFT_04,skipped,2025-04-27T08:00:00Z
H001599,E0188,EV_SOFT_06,skipped,2025-04-27T08:00:00Z
H000728,E0096,EV_SOFT_03,completed,2025-04-28T08:00:00Z
H000414,E0060,EV_SOFT_01,completed,2025-04-29T08:00:00Z
H000842,E0110,EV_QA_03,completed,2025-04-29T08:00:00Z
H001133,E0136,EV_SOFT_09,skipped,2025-04-29T08:00:00Z
H000489,E0068,EV_SOFT_08,declined,2025-04-30T08:00:00Z
H000719,E0094,EV_QA_04,completed,2025-04-30T08:00:00Z
H001240,E0148,EV_SOFT_01,completed,2025-04-30T08:00:00Z
H000901,E0115,EV_QA_06,completed,2025-05-02T08:00:00Z
H000978,E0122,EV_SOFT_05,declined,2025-05-02T08:00:00Z
H000047,E0014,EV_SOFT_02,skipped,2025-05-03T08:00:00Z
H000312,E0046,EV_SOFT_09,declined,2025-05-03T08:00:00Z
H000368,E0054,EV_SOFT_05,skipped,2025-05-03T08:00:00Z
H001469,E0171,EV_SOFT_02,declined,2025-05-03T08:00:00Z
H001709,E0200,EV_SOFT_05,completed,2025-05-03T08:00:00Z
H000638,E0084,EV_SOFT_09,skipped,2025-05-04T08:00:00Z
H001095,E0133,EV_SOFT_09,completed,2025-05-04T08:00:00Z
H000740,E0097,EV_QA_04,declined,2025-05-05T08:00:00Z
H000250,E0036,EV_BACKEND_05,skipped,2025-05-06T08:00:00Z
H000548,E0074,EV_SOFT_08,completed,2025-05-06T08:00:00Z
H000556,E0075,EV_DATA_ANALYST_04,completed,2025-05-06T08:00:00Z
H001641,E0192,EV_CUSTOMER_SUPPORT_01,completed,2025-05-06T08:00:00Z
H000411,E0060,EV_SOFT_07,completed,2025-05-07T08:00:00Z
H000741,E0097,EV_QA_01,completed,2025-05-07T08:00:00Z
H000534,E0073,EV_DATA_ANALYST_04,skipped,2025-05-08T08:00:00Z
H000748,E0097,EV_SOFT_07,completed,2025-05-09T08:00:00Z
H001010,E0126,EV_SOFT_00,skipped,2025-05-09T08:00:00Z
H000286,E0038,EV_SOFT_06,completed,2025-05-10T08:00:00Z
H001397,E0165,EV_CUSTOMER_SUPPORT_04,skipped,2025-05-10T08:00:00Z
H000479,E0068,EV_DATA_ANALYST_06,completed,2025-05-11T08:00:00Z
H001190,E0142,EV_SOFT_01,skipped,2025-05-11T08:00:00Z
H000290,E0039,EV_SOFT_03,declined,2025-05-12T08:00:00Z
H000537,E0073,EV_SOFT_04,skipped,2025-05-12T08:00:00Z
H000963,E0121,EV_PRODUCT_01,skipped,2025-05-12T08:00:00Z
H000610,E0081,EV_SOFT_02,declined,2025-05-13T08:00:00Z
H000941,E0119,EV_SOFT_02,declined,2025-05-13T08:00:00Z
H001197,E0142,EV_SOFT_00,skipped,2025-05-13T08:00:00Z
H001705,E0200,EV_SOFT_06,skipped,2025-05-13T08:00:00Z
H000759,E0099,EV_QA_02,skipped,2025-05-14T08:00:00Z
H001512,E0174,EV_CUSTOMER_SUPPORT_05,completed,2025-05-14T08:00:00Z
H001600,E0188,EV_SOFT_00,completed,2025-05-14T08:00:00Z
H000134,E0024,EV_SOFT_01,completed,2025-05-15T08:00:00Z
H001633,E0191,EV_SOFT_07,declined,2025-05-15T08:00:00Z
H001652,E0193,EV_SOFT_09,completed,2025-05-15T08:00:00Z
H000906,E0115,EV_QA_04,completed,2025-05-16T08:00:00Z
H001484,E0172,EV_SOFT_09,completed,2025-05-16T08:00:00Z
H000309,E0046,EV_SOFT_03,skipped,2025-05-17T08:00:00Z
H001698,E0200,EV_SOFT_02,completed,2025-05-17T08:00:00Z
H000765,E0099,EV_SOFT_03,declined,2025-05-18T08:00:00Z
H000784,E0102,EV_SOFT_07,skipped,2025-05-18T08:00:00Z
H000948,E0120,EV_SOFT_06,declined,2025-05-18T08:00:00Z
H001241,E0148,EV_SOFT_03,skipped,2025-05-18T08:00:00Z
H001580,E0184,EV_SOFT_04,completed,2025-05-18T08:00:00Z
H000928,E0118,EV_SOFT_00,completed,2025-05-19T08:00:00Z
H000241,E0035,EV_SOFT_01,completed,2025-05-20T08:00:00Z
H000386,E0058,EV_DATA_ANALYST_01,completed,2025-05-20T08:00:00Z
H000137,E0024,EV_SOFT_08,declined,2025-05-21T08:00:00Z
H001704,E0200,EV_CUSTOMER_SUPPORT_06,skipped,2025-05-21T08:00:00Z
H000039,E0013,EV_SOFT_09,completed,2025-05-22T08:00:00Z
H001199,E0142,EV_SOFT_05,skipped,2025-05-22T08:00:00Z
H000903,E0115,EV_QA_05,completed,2025-05-23T08:00:00Z
H000293,E0039,EV_SOFT_06,completed,2025-05-24T08:00:00Z
H001310,E0156,EV_SOFT_03,completed,2025-05-24T08:00:00Z
H001343,E0161,EV_SOFT_08,completed,2025-05-24T08:00:00Z
H001467,E0170,EV_SOFT_07,skipped,2025-05-26T08:00:00Z
H000077,E0017,EV_BACKEND_01,declined,2025-05-27T08:00:00Z
H001544,E0179,EV_CUSTOMER_SUPPORT_05,completed,2025-05-27T08:00:00Z
H000664,E0090,EV_SOFT_08,skipped,2025-05-28T08:00:00Z
H001323,E0157,EV_PRODUCT_06,completed,2025-05-28T08:00:00Z
H001511,E0174,EV_SOFT_04,skipped,2025-05-30T08:00:00Z
H000720,E0095,EV_SOFT_01,completed,2025-05-31T08:00:00Z
H001497,E0173,EV_SOFT_02,skipped,2025-05-31T08:00:00Z
H001699,E0200,EV_SOFT_00,declined,2025-05-31T08:00:00Z
H000942,E0119,EV_QA_04,completed,2025-06-01T08:00:00Z
H000956,E0121,EV_SOFT_04,skipped,2025-06-01T08:00:00Z
H001035,E0128,EV_SOFT_07,completed,2025-06-01T08:00:00Z
H001532,E0178,EV_SOFT_05,completed,2025-06-01T08:00:00Z
H000326,E0047,EV_SOFT_07,completed,2025-06-02T08:00:00Z
H000476,E0067,EV_DATA_ANALYST_05,skipped,2025-06-02T08:00:00Z
H000545,E0074,EV_SOFT_06,completed,2025-06-02T08:00:00Z
H000891,E0114,EV_QA_03,completed,2025-06-02T08:00:00Z
H000625,E0084,EV_SOFT_04,completed,2025-06-04T08:00:00Z
H000789,E0103,EV_SOFT_05,completed,2025-06-05T08:00:00Z
H000843,E0110,EV_QA_06,completed,2025-06-05T08:00:00Z
H001204,E0144,EV_SOFT_07,completed,2025-06-05T08:00:00Z
H001399,E0165,EV_CUSTOMER_SUPPORT_03,completed,2025-06-05T08:00:00Z
H001601,E0188,EV_CUSTOMER_SUPPORT_03,completed,2025-06-05T08:00:00Z
H000021,E0012,EV_BACKEND_04,completed,2025-06-06T08:00:00Z
H001131,E0136,EV_PRODUCT_05,skipped,2025-06-06T08:00:00Z
H001350,E0162,EV_SOFT_04,completed,2025-06-06T08:00:00Z
H000099,E0020,EV_BACKEND_05,skipped,2025-06-08T08:00:00Z
H000432,E0062,EV_SOFT_03,completed,2025-06-08T08:00:00Z
H001625,E0190,EV_SOFT_03,skipped,2025-06-08T08:00:00Z
H000703,E0093,EV_SOFT_02,completed,2025-06-09T08:00:00Z
H000766,E0099,EV_SOFT_05,skipped,2025-06-09T08:00:00Z
H000279,E0038,EV_SOFT_09,skipped,2025-06-10T08:00:00Z
H000529,E0073,EV_DATA_ANALYST_02,completed,2025-06-10T08:00:00Z
H000905,E0115,EV_SOFT_00,completed,2025-06-10T08:00:00Z
H000281,E0038,EV_SOFT_07,skipped,2025-06-11T08:00:00Z
H000916,E0116,EV_QA_06,completed,2025-06-13T08:00:00Z
H001141,E0137,EV_SOFT_07,skipped,2025-06-13T08:00:00Z
H001227,E0146,EV_PRODUCT_06,completed,2025-06-13T08:00:00Z
H000969,E0122,EV_SOFT_05,declined,2025-06-14T08:00:00Z
H001502,E0174,EV_SOFT_01,completed,2025-06-14T08:00:00Z
H000003,E0009,EV_SOFT_05,completed,2025-06-15T08:00:00Z
H000341,E0049,EV_SOFT_05,declined,2025-06-15T08:00:00Z
H001458,E0170,EV_SOFT_05,skipped,2025-06-15T08:00:00Z
H000554,E0074,EV_SOFT_00,completed,2025-06-16T08:00:00Z
H000416,E0060,EV_DATA_ANALYST_03,declined,2025-06-17T08:00:00Z
H001180,E0141,EV_SOFT_05,skipped,2025-06-17T08:00:00Z
H001349,E0162,EV_SOFT_00,declined,2025-06-17T08:00:00Z
H001472,E0171,EV_SOFT_03,completed,2025-06-17T08:00:00Z
H001363,E0163,EV_SOFT_08,declined,2025-06-19T08:00:00Z
H000635,E0084,EV_SOFT_00,completed,2025-06-20T08:00:00Z
H001282,E0153,EV_SOFT_01,declined,2025-06-20T08:00:00Z
H000310,E0046,EV_DATA_ANALYST_03,declined,2025-06-21T08:00:00Z
H000584,E0078,EV_SOFT_07,declined,2025-06-22T08:00:00Z
H001498,E0173,EV_CUSTOMER_SUPPORT_05,completed,2025-06-22T08:00:00Z
H000844,E0110,EV_SOFT_06,declined,2025-06-23T08:00:00Z
H001584,E0184,EV_SOFT_02,skipped,2025-06-23T08:00:00Z
H000473,E0067,EV_DATA_ANALYST_05,skipped,2025-06-24T08:00:00Z
H001299,E0154,EV_SOFT_07,completed,2025-06-24T08:00:00Z
H000131,E0023,EV_BACKEND_04,skipped,2025-06-25T08:00:00Z
H000282,E0038,EV_SOFT_09,skipped,2025-06-25T08:00:00Z
H001002,E0125,EV_PRODUCT_02,completed,2025-06-25T08:00:00Z
H001200,E0143,EV_SOFT_01,declined,2025-06-25T08:00:00Z
H000896,E0114,EV_QA_06,declined,2025-06-26T08:00:00Z
H001064,E0130,EV_PRODUCT_05,declined,2025-06-26T08:00:00Z
H001287,E0154,EV_PRODUCT_05,skipped,2025-06-26T08:00:00Z
H000747,E0097,EV_SOFT_08,skipped,2025-06-27T08:00:00Z
H001090,E0132,EV_SOFT_01,completed,2025-06-27T08:00:00Z
H001470,E0171,EV_CUSTOMER_SUPPORT_04,declined,2025-06-28T08:00:00Z
H000296,E0039,EV_SOFT_01,skipped,2025-06-29T08:00:00Z
H000462,E0065,EV_SOFT_07,declined,2025-06-29T08:00:00Z
H000615,E0082,EV_SOFT_09,completed,2025-06-30T08:00:00Z
H000778,E0100,EV_QA_01,declined,2025-06-30T08:00:00Z
H000070,E0017,EV_SOFT_06,completed,2025-07-01T08:00:00Z
H000481,E0068,EV_DATA_ANALYST_02,completed,2025-07-01T08:00:00Z
H000497,E0069,EV_DATA_ANALYST_04,skipped,2025-07-01T08:00:00Z
H000618,E0082,EV_QA_04,skipped,2025-07-01T08:00:00Z
H001075,E0131,EV_SOFT_03,declined,2025-07-01T08:00:00Z
H000837,E0110,EV_QA_02,completed,2025-07-02T08:00:00Z
H001007,E0126,EV_SOFT_03,declined,2025-07-02T08:00:00Z
H001634,E0191,EV_SOFT_07,completed,2025-07-02T08:00:00Z
H000332,E0048,EV_DATA_ANALYST_05,completed,2025-07-03T08:00:00Z
H000444,E0064,EV_SOFT_01,completed,2025-07-04T08:00:00Z
H000518,E0071,EV_SOFT_00,completed,2025-07-04T08:00:00Z
H000810,E0105,EV_SOFT_02,declined,2025-07-04T08:00:00Z
H001366,E0163,EV_SOFT_03,skipped,2025-07-04T08:00:00Z
H001437,E0168,EV_CUSTOMER_SUPPORT_02,skipped,2025-07-04T08:00:00Z
H001582,E0184,EV_SOFT_00,completed,2025-07-04T08:00:00Z
H000771,E0100,EV_SOFT_03,declined,2025-07-05T08:00:00Z
H000920,E0117,EV_SOFT_07,completed,2025-07-05T08:00:00Z
H000483,E0068,EV_DATA_ANALYST_03,completed,2025-07-06T08:00:00Z
H000580,E0077,EV_SOFT_05,completed,2025-07-06T08:00:00Z
H000604,E0081,EV_SOFT_01,completed,2025-07-06T08:00:00Z
H001563,E0183,EV_SOFT_06,completed,2025-07-07T08:00:00Z
H000408,E0059,EV_SOFT_01,declined,2025-07-08T08:00:00Z
H001352,E0162,EV_SOFT_02,skipped,2025-07-09T08:00:00Z
H000714,E0094,EV_QA_04,declined,2025-07-10T08:00:00Z
H000811,E0105,EV_SOFT_07,declined,2025-07-10T08:00:00Z
H001148,E0138,EV_PRODUCT_05,declined,2025-07-10T08:00:00Z
H000395,E0059,EV_DATA_ANALYST_01,completed,2025-07-11T08:00:00Z
H001184,E0141,EV_PRODUCT_04,completed,2025-07-11T08:00:00Z
H000173,E0028,EV_SOFT_09,declined,2025-07-12T08:00:00Z
H000303,E0039,EV_SOFT_07,completed,2025-07-12T08:00:00Z
H000790,E0103,EV_QA_01,skipped,2025-07-12T08:00:00Z
H001382,E0164,EV_CUSTOMER_SUPPORT_04,skipped,2025-07-12T08:00:00Z
H000221,E0032,EV_BACKEND_03,skipped,2025-07-13T08:00:00Z
H000402,E0059,EV_SOFT_03,completed,2025-07-14T08:00:00Z
H000486,E0068,EV_SOFT_09,declined,2025-07-14T08:00:00Z
H000577,E0077,EV_SOFT_04,declined,2025-07-14T08:00:00Z
H001259,E0150,EV_SOFT_07,skipped,2025-07-14T08:00:00Z
H000078,E0017,EV_SOFT_07,skipped,2025-07-15T08:00:00Z
H000198,E0031,EV_SOFT_07,declined,2025-07-15T08:00:00Z
H000924,E0117,EV_SOFT_06,completed,2025-07-15T08:00:00Z
H001243,E0148,EV_SOFT_09,completed,2025-07-16T08:00:00Z
H000048,E0014,EV_BACKEND_05,declined,2025-07-17T08:00:00Z
H001377,E0164,EV_SOFT_05,declined,2025-07-17T08:00:00Z
H000397,E0059,EV_SOFT_09,completed,2025-07-18T08:00:00Z
H000802,E0104,EV_SOFT_05,completed,2025-07-18T08:00:00Z
H001568,E0183,EV_SOFT_09,completed,2025-07-18T08:00:00Z
H000392,E0058,EV_SOFT_05,skipped,2025-07-19T08:00:00Z
H000488,E0068,EV_DATA_ANALYST_01,skipped,2025-07-20T08:00:00Z
H000851,E0111,EV_QA_05,declined,2025-07-20T08:00:00Z
H000424,E0062,EV_SOFT_00,declined,2025-07-21T08:00:00Z
H000666,E0090,EV_SOFT_03,completed,2025-07-21T08:00:00Z
H000734,E0096,EV_QA_02,declined,2025-07-21T08:00:00Z
H000019,E0011,EV_SOFT_04,skipped,2025-07-22T08:00:00Z
H000359,E0052,EV_SOFT_09,completed,2025-07-22T08:00:00Z
H001230,E0146,EV_PRODUCT_01,completed,2025-07-22T08:00:00Z
H000726,E0096,EV_QA_04,skipped,2025-07-23T08:00:00Z
H001136,E0137,EV_SOFT_08,completed,2025-07-23T08:00:00Z
H000052,E0016,EV_SOFT_03,declined,2025-07-24T08:00:00Z
H000614,E0082,EV_SOFT_04,skipped,2025-07-24T08:00:00Z
H000782,E0101,EV_QA_05,completed,2025-07-24T08:00:00Z
H000427,E0062,EV_DATA_ANALYST_01,skipped,2025-07-25T08:00:00Z
H000672,E0091,EV_QA_04,declined,2025-07-25T08:00:00Z
H001097,E0133,EV_SOFT_08,skipped,2025-07-25T08:00:00Z
H001536,E0179,EV_CUSTOMER_SUPPORT_04,completed,2025-07-25T08:00:00Z
H000847,E0111,EV_SOFT_08,completed,2025-07-26T08:00:00Z
H001196,E0142,EV_SOFT_03,skipped,2025-07-26T08:00:00Z
H001616,E0189,EV_SOFT_06,declined,2025-07-27T08:00:00Z
H000609,E0081,EV_SOFT_07,declined,2025-07-28T08:00:00Z
H000698,E0093,EV_QA_02,completed,2025-07-28T08:00:00Z
H000801,E0104,EV_SOFT_02,skipped,2025-07-28T08:00:00Z
H001166,E0139,EV_SOFT_09,declined,2025-07-28T08:00:00Z
H001450,E0169,EV_CUSTOMER_SUPPORT_04,declined,2025-07-28T08:00:00Z
H001637,E0192,EV_CUSTOMER_SUPPORT_01,declined,2025-07-28T08:00:00Z
H000150,E0026,EV_SOFT_05,skipped,2025-07-29T08:00:00Z
H001305,E0156,EV_SOFT_08,skipped,2025-07-29T08:00:00Z
H000257,E0036,EV_BACKEND_01,completed,2025-07-30T08:00:00Z
H000845,E0111,EV_QA_01,completed,2025-07-30T08:00:00Z
H000391,E0058,EV_DATA_ANALYST_02,declined,2025-07-31T08:00:00Z
H001263,E0151,EV_SOFT_09,skipped,2025-07-31T08:00:00Z
H001347,E0161,EV_CUSTOMER_SUPPORT_01,completed,2025-07-31T08:00:00Z
H001615,E0189,EV_CUSTOMER_SUPPORT_05,skipped,2025-07-31T08:00:00Z
H000401,E0059,EV_DATA_ANALYST_05,declined,2025-08-01T08:00:00Z
H000947,E0120,EV_SOFT_05,skipped,2025-08-01T08:00:00Z
H001550,E0179,EV_SOFT_02,completed,2025-08-01T08:00:00Z
H001356,E0162,EV_SOFT_05,completed,2025-08-02T08:00:00Z
H001572,E0183,EV_CUSTOMER_SUPPORT_01,declined,2025-08-02T08:00:00Z
H001659,E0195,EV_CUSTOMER_SUPPORT_02,declined,2025-08-02T08:00:00Z
H000701,E0093,EV_QA_05,skipped,2025-08-04T08:00:00Z
H000689,E0092,EV_SOFT_08,completed,2025-08-05T08:00:00Z
H000930,E0118,EV_QA_04,declined,2025-08-05T08:00:00Z
H000176,E0028,EV_SOFT_02,completed,2025-08-06T08:00:00Z
H000206,E0031,EV_SOFT_02,declined,2025-08-06T08:00:00Z
H000676,E0091,EV_SOFT_01,skipped,2025-08-07T08:00:00Z
H000854,E0111,EV_SOFT_03,completed,2025-08-07T08:00:00Z
H000327,E0047,EV_DATA_ANALYST_04,completed,2025-08-08T08:00:00Z
H000428,E0062,EV_SOFT_03,skipped,2025-08-08T08:00:00Z
H000794,E0104,EV_SOFT_08,completed,2025-08-08T08:00:00Z
H000308,E0040,EV_SOFT_02,skipped,2025-08-09T08:00:00Z
H001387,E0164,EV_SOFT_08,completed,2025-08-09T08:00:00Z
H001674,E0196,EV_SOFT_01,completed,2025-08-09T08:00:00Z
H000715,E0094,EV_SOFT_01,completed,2025-08-10T08:00:00Z
H001039,E0128,EV_PRODUCT_05,skipped,2025-08-10T08:00:00Z
H001186,E0141,EV_PRODUCT_01,skipped,2025-08-10T08:00:00Z
H001309,E0156,EV_SOFT_00,declined,2025-08-10T08:00:00Z
H001418,E0166,EV_SOFT_09,completed,2025-08-10T08:00:00Z
H001549,E0179,EV_SOFT_04,completed,2025-08-10T08:00:00Z
H001662,E0195,EV_SOFT_06,skipped,2025-08-10T08:00:00Z
H000404,E0059,EV_DATA_ANALYST_04,completed,2025-08-11T08:00:00Z
H000874,E0113,EV_QA_01,skipped,2025-08-12T08:00:00Z
H000175,E0028,EV_SOFT_02,skipped,2025-08-13T08:00:00Z
H001654,E0193,EV_SOFT_00,declined,2025-08-13T08:00:00Z
H000970,E0122,EV_PRODUCT_05,completed,2025-08-14T08:00:00Z
H001403,E0165,EV_SOFT_01,declined,2025-08-14T08:00:00Z
H001623,E0190,EV_CUSTOMER_SUPPORT_01,declined,2025-08-14T08:00:00Z
H000205,E0031,EV_SOFT_05,completed,2025-08-15T08:00:00Z
H000223,E0032,EV_BACKEND_01,skipped,2025-08-15T08:00:00Z
H000367,E0054,EV_SOFT_01,completed,2025-08-15T08:00:00Z
H000660,E0090,EV_SOFT_07,skipped,2025-08-15T08:00:00Z
H000893,E0114,EV_QA_05,skipped,2025-08-15T08:00:00Z
H001160,E0139,EV_PRODUCT_04,declined,2025-08-15T08:00:00Z
H000377,E0057,EV_DATA_ANALYST_02,declined,2025-08-16T08:00:00Z
H000791,E0104,EV_SOFT_04,completed,2025-08-17T08:00:00Z
H001569,E0183,EV_CUSTOMER_SUPPORT_06,completed,2025-08-17T08:00:00Z
H000135,E0024,EV_SOFT_02,skipped,2025-08-18T08:00:00Z
H000512,E0071,EV_SOFT_06,completed,2025-08-18T08:00:00Z
H000042,E0014,EV_BACKEND_05,skipped,2025-08-19T08:00:00Z
H000139,E0024,EV_SOFT_02,completed,2025-08-19T08:00:00Z
H000277,E0038,EV_SOFT_03,completed,2025-08-19T08:00:00Z
H000649,E0088,EV_SOFT_02,completed,2025-08-19T08:00:00Z
H001081,E0132,EV_SOFT_09,skipped,2025-08-19T08:00:00Z
H000412,E0060,EV_SOFT_08,completed,2025-08-20T08:00:00Z
H000519,E0071,EV_SOFT_09,declined,2025-08-20T08:00:00Z
H000583,E0078,EV_DATA_ANALYST_01,completed,2025-08-20T08:00:00Z
H001423,E0167,EV_SOFT_03,completed,2025-08-20T08:00:00Z
H000798,E0104,EV_SOFT_03,declined,2025-08-21T08:00:00Z
H000318,E0047,EV_SOFT_03,declined,2025-08-22T08:00:00Z
H001100,E0134,EV_SOFT_07,completed,2025-08-22T08:00:00Z
H000199,E0031,EV_SOFT_00,completed,2025-08-23T08:00:00Z
H000989,E0125,EV_SOFT_07,skipped,2025-08-23T08:00:00Z
H001264,E0151,EV_SOFT_09,skipped,2025-08-23T08:00:00Z
H001464,E0170,EV_CUSTOMER_SUPPORT_04,declined,2025-08-23T08:00:00Z
H001642,E0192,EV_SOFT_07,declined,2025-08-23T08:00:00Z
H000493,E0069,EV_DATA_ANALYST_05,skipped,2025-08-24T08:00:00Z
H000621,E0082,EV_SOFT_00,completed,2025-08-24T08:00:00Z
H000879,E0113,EV_SOFT_02,skipped,2025-08-24T08:00:00Z
H001687,E0197,EV_SOFT_06,completed,2025-08-24T08:00:00Z
H000430,E0062,EV_SOFT_06,skipped,2025-08-25T08:00:00Z
H000477,E0067,EV_DATA_ANALYST_04,completed,2025-08-25T08:00:00Z
H001610,E0189,EV_CUSTOMER_SUPPORT_04,completed,2025-08-25T08:00:00Z
H000808,E0105,EV_SOFT_08,completed,2025-08-27T08:00:00Z
H001371,E0163,EV_CUSTOMER_SUPPORT_03,completed,2025-08-27T08:00:00Z
H001638,E0192,EV_SOFT_08,completed,2025-08-27T08:00:00Z
H000313,E0046,EV_DATA_ANALYST_02,completed,2025-08-28T08:00:00Z
H000917,E0116,EV_SOFT_02,skipped,2025-08-28T08:00:00Z
H001113,E0135,EV_SOFT_00,skipped,2025-08-28T08:00:00Z
H000227,E0033,EV_BACKEND_02,completed,2025-08-29T08:00:00Z
H000243,E0035,EV_SOFT_02,declined,2025-08-29T08:00:00Z
H000557,E0075,EV_SOFT_01,skipped,2025-08-29T08:00:00Z
H001404,E0165,EV_SOFT_01,completed,2025-08-30T08:00:00Z
H000331,E0048,EV_SOFT_06,declined,2025-08-31T08:00:00Z
H000396,E0059,EV_SOFT_09,declined,2025-08-31T08:00:00Z
H000678,E0091,EV_QA_02,declined,2025-08-31T08:00:00Z
H000683,E0092,EV_QA_03,completed,2025-08-31T08:00:00Z
H001303,E0154,EV_PRODUCT_01,completed,2025-08-31T08:00:00Z
H000089,E0019,EV_BACKEND_02,declined,2025-09-01T08:00:00Z
H001145,E0138,EV_SOFT_02,completed,2025-09-01T08:00:00Z
H001712,E0200,EV_CUSTOMER_SUPPORT_02,completed,2025-09-01T08:00:00Z
H000297,E0039,EV_SOFT_00,completed,2025-09-02T08:00:00Z
H000559,E0075,EV_SOFT_01,skipped,2025-09-02T08:00:00Z
H000915,E0116,EV_QA_02,completed,2025-09-02T08:00:00Z
H001162,E0139,EV_SOFT_06,completed,2025-09-02T08:00:00Z
H000723,E0095,EV_SOFT_00,declined,2025-09-03T08:00:00Z
H000438,E0062,EV_DATA_ANALYST_05,declined,2025-09-04T08:00:00Z
H000291,E0039,EV_BACKEND_02,declined,2025-09-05T08:00:00Z
H000474,E0067,EV_DATA_ANALYST_06,completed,2025-09-06T08:00:00Z
H000081,E0017,EV_BACKEND_04,skipped,2025-09-07T08:00:00Z
H000787,E0103,EV_SOFT_00,completed,2025-09-07T08:00:00Z
H000912,E0116,EV_SOFT_02,declined,2025-09-07T08:00:00Z
H000523,E0073,EV_SOFT_03,completed,2025-09-08T08:00:00Z
H000860,E0111,EV_SOFT_04,completed,2025-09-08T08:00:00Z
H000288,E0038,EV_BACKEND_02,completed,2025-09-09T08:00:00Z
H000157,E0027,EV_BACKEND_05,declined,2025-09-10T08:00:00Z
H000443,E0064,EV_DATA_ANALYST_04,completed,2025-09-10T08:00:00Z
H000861,E0111,EV_SOFT_02,declined,2025-09-10T08:00:00Z
H000887,E0114,EV_SOFT_02,completed,2025-09-10T08:00:00Z
H000531,E0073,EV_DATA_ANALYST_05,completed,2025-09-11T08:00:00Z
H000020,E0011,EV_BACKEND_05,completed,2025-09-12T08:00:00Z
H000945,E0120,EV_QA_02,completed,2025-09-12T08:00:00Z
H001248,E0148,EV_SOFT_00,skipped,2025-09-12T08:00:00Z
H000170,E0028,EV_SOFT_07,declined,2025-09-13T08:00:00Z
H000018,E0011,EV_SOFT_06,completed,2025-09-14T08:00:00Z
H000049,E0015,EV_BACKEND_05,completed,2025-09-14T08:00:00Z
H000405,E0059,EV_DATA_ANALYST_02,completed,2025-09-14T08:00:00Z
H000707,E0094,EV_SOFT_06,completed,2025-09-14T08:00:00Z
H001074,E0131,EV_SOFT_06,skipped,2025-09-14T08:00:00Z
H001603,E0189,EV_SOFT_07,completed,2025-09-14T08:00:00Z
H000121,E0023,EV_SOFT_09,completed,2025-09-15T08:00:00Z
H000164,E0028,EV_BACKEND_01,skipped,2025-09-15T08:00:00Z
H000028,E0013,EV_SOFT_00,completed,2025-09-16T08:00:00Z
H000848,E0111,EV_QA_06,skipped,2025-09-16T08:00:00Z
H001438,E0168,EV_SOFT_02,completed,2025-09-16T08:00:00Z
H000727,E0096,EV_QA_04,completed,2025-09-17T08:00:00Z
H001233,E0146,EV_SOFT_07,declined,2025-09-17T08:00:00Z
H000186,E0029,EV_SOFT_04,completed,2025-09-18T08:00:00Z
H000690,E0092,EV_SOFT_00,declined,2025-09-19T08:00:00Z
H001013,E0127,EV_PRODUCT_05,completed,2025-09-19T08:00:00Z
H001427,E0167,EV_SOFT_07,skipped,2025-09-21T08:00:00Z
H000160,E0027,EV_SOFT_01,completed,2025-09-22T08:00:00Z
H000745,E0097,EV_QA_02,declined,2025-09-22T08:00:00Z
H001076,E0131,EV_SOFT_06,declined,2025-09-22T08:00:00Z
H001267,E0151,EV_SOFT_00,completed,2025-09-22T08:00:00Z
H001555,E0181,EV_CUSTOMER_SUPPORT_03,completed,2025-09-22T08:00:00Z
H001237,E0147,EV_SOFT_04,skipped,2025-09-23T08:00:00Z
H000799,E0104,EV_QA_03,completed,2025-09-24T08:00:00Z
H001380,E0164,EV_SOFT_00,declined,2025-09-24T08:00:00Z
H001518,E0175,EV_CUSTOMER_SUPPORT_02,completed,2025-09-24T08:00:00Z
H001679,E0197,EV_SOFT_05,declined,2025-09-24T08:00:00Z
H000267,E0037,EV_SOFT_05,completed,2025-09-25T08:00:00Z
H001677,E0197,EV_CUSTOMER_SUPPORT_03,skipped,2025-09-25T08:00:00Z
H001341,E0161,EV_CUSTOMER_SUPPORT_02,completed,2025-09-26T08:00:00Z
H000063,E0016,EV_SOFT_00,skipped,2025-09-27T08:00:00Z
H001060,E0130,EV_SOFT_09,completed,2025-09-27T08:00:00Z
H001318,E0156,EV_SOFT_05,declined,2025-09-27T08:00:00Z
H001345,E0161,EV_CUSTOMER_SUPPORT_01,skipped,2025-09-27T08:00:00Z
H001611,E0189,EV_CUSTOMER_SUPPORT_06,skipped,2025-09-27T08:00:00Z
H001673,E0196,EV_CUSTOMER_SUPPORT_03,completed,2025-09-27T08:00:00Z
H001280,E0153,EV_SOFT_03,declined,2025-09-28T08:00:00Z
H001480,E0172,EV_CUSTOMER_SUPPORT_04,declined,2025-09-28T08:00:00Z
H000355,E0052,EV_SOFT_06,completed,2025-09-29T08:00:00Z
H000742,E0097,EV_QA_04,completed,2025-09-29T08:00:00Z
H001065,E0131,EV_PRODUCT_01,completed,2025-09-29T08:00:00Z
H001327,E0158,EV_PRODUCT_04,skipped,2025-09-29T08:00:00Z
H001302,E0154,EV_SOFT_01,completed,2025-09-30T08:00:00Z
H000322,E0047,EV_DATA_ANALYST_04,skipped,2025-10-01T08:00:00Z
H000466,E0066,EV_SOFT_02,completed,2025-10-01T08:00:00Z
H001202,E0143,EV_PRODUCT_01,completed,2025-10-01T08:00:00Z
H001496,E0173,EV_SOFT_06,completed,2025-10-01T08:00:00Z
H001670,E0196,EV_SOFT_04,skipped,2025-10-01T08:00:00Z
H_RESERVED_E0002_1,E0002,EV_SOFT_00,skipped,2025-10-01T08:00:00Z
H_RESERVED_E0005_1,E0005,EV_BACKEND_01,completed,2025-10-01T08:00:00Z
H_RESERVED_E0007_1,E0007,EV_BACKEND_01,completed,2025-10-01T08:00:00Z
H000249,E0036,EV_BACKEND_03,skipped,2025-10-02T08:00:00Z
H_RESERVED_E0005_2,E0005,EV_BACKEND_02,completed,2025-10-02T08:00:00Z
H_RESERVED_E0007_2,E0007,EV_BACKEND_02,completed,2025-10-02T08:00:00Z
H001175,E0140,EV_SOFT_07,completed,2025-10-03T08:00:00Z
H_RESERVED_E0005_3,E0005,EV_BACKEND_03,completed,2025-10-03T08:00:00Z
H_RESERVED_E0007_3,E0007,EV_BACKEND_03,completed,2025-10-03T08:00:00Z
H001129,E0136,EV_SOFT_07,completed,2025-10-04T08:00:00Z
H001291,E0154,EV_SOFT_04,declined,2025-10-04T08:00:00Z
H_RESERVED_E0005_4,E0005,EV_BACKEND_04,completed,2025-10-04T08:00:00Z
H_RESERVED_E0007_4,E0007,EV_BACKEND_04,completed,2025-10-04T08:00:00Z
H000335,E0048,EV_DATA_ANALYST_03,skipped,2025-10-05T08:00:00Z
H000484,E0068,EV_DATA_ANALYST_01,declined,2025-10-05T08:00:00Z
H001618,E0189,EV_SOFT_01,completed,2025-10-05T08:00:00Z
H_RESERVED_E0005_5,E0005,EV_BACKEND_05,completed,2025-10-05T08:00:00Z
H_RESERVED_E0007_5,E0007,EV_BACKEND_05,completed,2025-10-05T08:00:00Z
H000105,E0022,EV_SOFT_08,declined,2025-10-06T08:00:00Z
H000144,E0026,EV_SOFT_06,completed,2025-10-06T08:00:00Z
H000600,E0079,EV_SOFT_05,skipped,2025-10-06T08:00:00Z
H001648,E0193,EV_CUSTOMER_SUPPORT_03,completed,2025-10-06T08:00:00Z
H_RESERVED_E0007_6,E0007,EV_BACKEND_06,completed,2025-10-06T08:00:00Z
H001589,E0186,EV_SOFT_00,skipped,2025-10-07T08:00:00Z
H_RESERVED_E0007_7,E0007,EV_SOFT_00,completed,2025-10-07T08:00:00Z
H000353,E0052,EV_DATA_ANALYST_02,completed,2025-10-08T08:00:00Z
H000850,E0111,EV_SOFT_00,skipped,2025-10-08T08:00:00Z
H000866,E0112,EV_SOFT_04,completed,2025-10-08T08:00:00Z
H001004,E0125,EV_SOFT_08,declined,2025-10-08T08:00:00Z
H_RESERVED_E0007_8,E0007,EV_SOFT_01,completed,2025-10-08T08:00:00Z
H000196,E0030,EV_SOFT_09,skipped,2025-10-09T08:00:00Z
H000696,E0093,EV_QA_02,skipped,2025-10-09T08:00:00Z
H000908,E0116,EV_SOFT_09,completed,2025-10-09T08:00:00Z
H001209,E0145,EV_SOFT_09,completed,2025-10-09T08:00:00Z
H001274,E0152,EV_PRODUCT_01,declined,2025-10-09T08:00:00Z
H_RESERVED_E0007_9,E0007,EV_SOFT_02,completed,2025-10-09T08:00:00Z
H000463,E0065,EV_SOFT_00,completed,2025-10-10T08:00:00Z
H000646,E0088,EV_SOFT_06,declined,2025-10-10T08:00:00Z
H001408,E0166,EV_CUSTOMER_SUPPORT_01,skipped,2025-10-10T08:00:00Z
H_RESERVED_E0007_10,E0007,EV_SOFT_03,completed,2025-10-10T08:00:00Z
H000467,E0067,EV_DATA_ANALYST_01,declined,2025-10-11T08:00:00Z
H000532,E0073,EV_SOFT_04,skipped,2025-10-11T08:00:00Z
H000617,E0082,EV_QA_03,declined,2025-10-11T08:00:00Z
H001021,E0127,EV_PRODUCT_02,completed,2025-10-11T08:00:00Z
H_RESERVED_E0007_11,E0007,EV_SOFT_04,completed,2025-10-11T08:00:00Z
H001273,E0152,EV_SOFT_08,skipped,2025-10-12T08:00:00Z
H001593,E0186,EV_SOFT_01,completed,2025-10-12T08:00:00Z
H_RESERVED_E0007_12,E0007,EV_SOFT_05,completed,2025-10-12T08:00:00Z
H000526,E0073,EV_SOFT_06,declined,2025-10-13T08:00:00Z
H001089,E0132,EV_SOFT_07,declined,2025-10-13T08:00:00Z
H001421,E0166,EV_SOFT_00,declined,2025-10-13T08:00:00Z
H001424,E0167,EV_SOFT_05,completed,2025-10-13T08:00:00Z
H001461,E0170,EV_SOFT_03,completed,2025-10-13T08:00:00Z
H001651,E0193,EV_SOFT_03,declined,2025-10-13T08:00:00Z
H_RESERVED_E0007_13,E0007,EV_SOFT_06,completed,2025-10-13T08:00:00Z
H000592,E0079,EV_SOFT_06,completed,2025-10-14T08:00:00Z
H000688,E0092,EV_SOFT_03,completed,2025-10-14T08:00:00Z
H000706,E0094,EV_QA_02,skipped,2025-10-14T08:00:00Z
H000938,E0119,EV_QA_06,skipped,2025-10-14T08:00:00Z
H001201,E0143,EV_SOFT_08,completed,2025-10-14T08:00:00Z
H001570,E0183,EV_SOFT_02,completed,2025-10-14T08:00:00Z
H001671,E0196,EV_SOFT_09,skipped,2025-10-14T08:00:00Z
H_RESERVED_E0007_14,E0007,EV_SOFT_07,completed,2025-10-14T08:00:00Z
H000092,E0019,EV_BACKEND_04,skipped,2025-10-15T08:00:00Z
H001340,E0161,EV_SOFT_06,completed,2025-10-15T08:00:00Z
H_RESERVED_E0007_15,E0007,EV_SOFT_08,completed,2025-10-15T08:00:00Z
H000665,E0090,EV_QA_05,completed,2025-10-16T08:00:00Z
H000867,E0112,EV_QA_03,completed,2025-10-16T08:00:00Z
H_RESERVED_E0007_16,E0007,EV_SOFT_09,completed,2025-10-16T08:00:00Z
H000204,E0031,EV_SOFT_09,completed,2025-10-17T08:00:00Z
H000263,E0037,EV_BACKEND_06,completed,2025-10-17T08:00:00Z
H000348,E0051,EV_SOFT_05,completed,2025-10-17T08:00:00Z
H000636,E0084,EV_QA_03,skipped,2025-10-17T08:00:00Z
H000190,E0029,EV_BACKEND_02,skipped,2025-10-18T08:00:00Z
H000661,E0090,EV_SOFT_07,completed,2025-10-18T08:00:00Z
H001400,E0165,EV_SOFT_01,declined,2025-10-18T08:00:00Z
H000552,E0074,EV_SOFT_02,declined,2025-10-19T08:00:00Z
H000752,E0098,EV_QA_04,completed,2025-10-19T08:00:00Z
H001413,E0166,EV_SOFT_09,declined,2025-10-19T08:00:00Z
H000001,E0009,EV_SOFT_03,skipped,2025-10-20T08:00:00Z
H000569,E0076,EV_DATA_ANALYST_04,skipped,2025-10-20T08:00:00Z
H001288,E0154,EV_SOFT_09,declined,2025-10-20T08:00:00Z
H000387,E0058,EV_DATA_ANALYST_03,declined,2025-10-21T08:00:00Z
H000682,E0091,EV_QA_03,completed,2025-10-21T08:00:00Z
H001111,E0134,EV_PRODUCT_01,completed,2025-10-21T08:00:00Z
H001591,E0186,EV_CUSTOMER_SUPPORT_03,skipped,2025-10-21T08:00:00Z
H000639,E0084,EV_QA_01,completed,2025-10-22T08:00:00Z
H001232,E0146,EV_SOFT_05,completed,2025-10-22T08:00:00Z
H001534,E0178,EV_CUSTOMER_SUPPORT_02,completed,2025-10-22T08:00:00Z
H000230,E0033,EV_SOFT_05,declined,2025-10-23T08:00:00Z
H000054,E0016,EV_BACKEND_03,skipped,2025-10-24T08:00:00Z
H000285,E0038,EV_SOFT_04,skipped,2025-10-24T08:00:00Z
H001337,E0160,EV_SOFT_04,completed,2025-10-24T08:00:00Z
H000435,E0062,EV_SOFT_02,completed,2025-10-25T08:00:00Z
H001346,E0161,EV_SOFT_03,skipped,2025-10-25T08:00:00Z
H000152,E0026,EV_SOFT_09,completed,2025-10-26T08:00:00Z
H001086,E0132,EV_SOFT_09,declined,2025-10-26T08:00:00Z
H001606,E0189,EV_SOFT_00,skipped,2025-10-26T08:00:00Z
H000544,E0074,EV_SOFT_07,skipped,2025-10-27T08:00:00Z
H001292,E0154,EV_PRODUCT_06,completed,2025-10-27T08:00:00Z
H000822,E0109,EV_QA_05,skipped,2025-10-30T08:00:00Z
H000833,E0110,EV_SOFT_00,completed,2025-10-30T08:00:00Z
H001117,E0135,EV_PRODUCT_04,completed,2025-10-30T08:00:00Z
H001683,E0197,EV_SOFT_00,skipped,2025-10-30T08:00:00Z
H000357,E0052,EV_DATA_ANALYST_01,declined,2025-10-31T08:00:00Z
H000788,E0103,EV_QA_02,skipped,2025-10-31T08:00:00Z
H001114,E0135,EV_PRODUCT_05,completed,2025-10-31T08:00:00Z
H000094,E0019,EV_SOFT_04,skipped,2025-11-01T08:00:00Z
H000620,E0082,EV_SOFT_03,completed,2025-11-01T08:00:00Z
H001011,E0126,EV_SOFT_08,skipped,2025-11-01T08:00:00Z
H001361,E0163,EV_SOFT_05,completed,2025-11-01T08:00:00Z
H_RESERVED_E0002_2,E0002,EV_SOFT_00,skipped,2025-11-01T08:00:00Z
H000530,E0073,EV_DATA_ANALYST_03,completed,2025-11-02T08:00:00Z
H001260,E0150,EV_PRODUCT_05,completed,2025-11-02T08:00:00Z
H000232,E0034,EV_BACKEND_03,skipped,2025-11-03T08:00:00Z
H000563,E0076,EV_DATA_ANALYST_01,declined,2025-11-03T08:00:00Z
H000568,E0076,EV_SOFT_00,completed,2025-11-03T08:00:00Z
H000654,E0089,EV_SOFT_05,skipped,2025-11-03T08:00:00Z
H001173,E0139,EV_PRODUCT_05,completed,2025-11-03T08:00:00Z
H001189,E0142,EV_PRODUCT_06,completed,2025-11-03T08:00:00Z
H000673,E0091,EV_QA_02,declined,2025-11-04T08:00:00Z
H001045,E0129,EV_SOFT_06,completed,2025-11-04T08:00:00Z
H001663,E0196,EV_SOFT_07,completed,2025-11-04T08:00:00Z
H000735,E0096,EV_QA_02,completed,2025-11-05T08:00:00Z
H001443,E0168,EV_SOFT_00,completed,2025-11-05T08:00:00Z
H000112,E0022,EV_SOFT_07,declined,2025-11-06T08:00:00Z
H001132,E0136,EV_PRODUCT_05,completed,2025-11-06T08:00:00Z
H001270,E0151,EV_SOFT_08,skipped,2025-11-06T08:00:00Z
H001500,E0173,EV_CUSTOMER_SUPPORT_03,skipped,2025-11-06T08:00:00Z
H000868,E0112,EV_SOFT_03,skipped,2025-11-07T08:00:00Z
H000197,E0031,EV_BACKEND_02,completed,2025-11-08T08:00:00Z
H000365,E0053,EV_DATA_ANALYST_02,skipped,2025-11-08T08:00:00Z
H000468,E0067,EV_SOFT_03,completed,2025-11-08T08:00:00Z
H000804,E0104,EV_QA_05,completed,2025-11-08T08:00:00Z
H001068,E0131,EV_PRODUCT_04,declined,2025-11-09T08:00:00Z
H001608,E0189,EV_CUSTOMER_SUPPORT_06,skipped,2025-11-09T08:00:00Z
H000169,E0028,EV_BACKEND_04,completed,2025-11-10T08:00:00Z
H000179,E0029,EV_SOFT_03,completed,2025-11-10T08:00:00Z
H000846,E0111,EV_SOFT_05,completed,2025-11-11T08:00:00Z
H000972,E0122,EV_PRODUCT_02,skipped,2025-11-11T08:00:00Z
H001120,E0136,EV_SOFT_04,completed,2025-11-11T08:00:00Z
H000449,E0064,EV_DATA_ANALYST_06,declined,2025-11-12T08:00:00Z
H000919,E0117,EV_QA_05,completed,2025-11-12T08:00:00Z
H001574,E0183,EV_CUSTOMER_SUPPORT_01,completed,2025-11-12T08:00:00Z
H000037,E0013,EV_SOFT_01,completed,2025-11-13T08:00:00Z
H000132,E0023,EV_SOFT_04,completed,2025-11-13T08:00:00Z
H000656,E0089,EV_SOFT_02,completed,2025-11-13T08:00:00Z
H000820,E0109,EV_QA_05,declined,2025-11-13T08:00:00Z
H001017,E0127,EV_SOFT_01,declined,2025-11-13T08:00:00Z
H001193,E0142,EV_SOFT_08,skipped,2025-11-13T08:00:00Z
H000841,E0110,EV_SOFT_01,declined,2025-11-14T08:00:00Z
H000280,E0038,EV_SOFT_06,skipped,2025-11-15T08:00:00Z
H001214,E0145,EV_SOFT_07,completed,2025-11-15T08:00:00Z
H001414,E0166,EV_CUSTOMER_SUPPORT_01,completed,2025-11-15T08:00:00Z
H000246,E0035,EV_SOFT_07,skipped,2025-11-17T08:00:00Z
H001252,E0149,EV_SOFT_07,completed,2025-11-18T08:00:00Z
H000932,E0118,EV_QA_02,skipped,2025-11-19T08:00:00Z
H000758,E0099,EV_SOFT_00,completed,2025-11-20T08:00:00Z
H001406,E0166,EV_CUSTOMER_SUPPORT_02,completed,2025-11-20T08:00:00Z
H000455,E0065,EV_DATA_ANALYST_01,completed,2025-11-22T08:00:00Z
H001123,E0136,EV_SOFT_08,completed,2025-11-22T08:00:00Z
H001324,E0157,EV_SOFT_00,completed,2025-11-22T08:00:00Z
H001504,E0174,EV_CUSTOMER_SUPPORT_03,skipped,2025-11-22T08:00:00Z
H000002,E0009,EV_SOFT_03,completed,2025-11-23T08:00:00Z
H000441,E0063,EV_SOFT_08,declined,2025-11-23T08:00:00Z
H001510,E0174,EV_SOFT_09,completed,2025-11-23T08:00:00Z
H000168,E0028,EV_BACKEND_05,skipped,2025-11-24T08:00:00Z
H000692,E0092,EV_SOFT_02,completed,2025-11-24T08:00:00Z
H000420,E0061,EV_DATA_ANALYST_02,completed,2025-11-25T08:00:00Z
H001626,E0190,EV_CUSTOMER_SUPPORT_05,skipped,2025-11-25T08:00:00Z
H000116,E0022,EV_BACKEND_01,declined,2025-11-26T08:00:00Z
H000159,E0027,EV_BACKEND_05,declined,2025-11-26T08:00:00Z
H000865,E0112,EV_QA_06,skipped,2025-11-26T08:00:00Z
H000953,E0120,EV_QA_03,skipped,2025-11-26T08:00:00Z
H000314,E0047,EV_DATA_ANALYST_03,declined,2025-11-27T08:00:00Z
H000862,E0111,EV_SOFT_06,skipped,2025-11-27T08:00:00Z
H001442,E0168,EV_SOFT_09,declined,2025-11-27T08:00:00Z
H001553,E0181,EV_SOFT_00,completed,2025-11-27T08:00:00Z
H001494,E0173,EV_CUSTOMER_SUPPORT_04,declined,2025-11-28T08:00:00Z
H000922,E0117,EV_SOFT_08,declined,2025-11-29T08:00:00Z
H001644,E0192,EV_SOFT_04,declined,2025-11-29T08:00:00Z
H000083,E0019,EV_BACKEND_02,declined,2025-11-30T08:00:00Z
H000490,E0068,EV_DATA_ANALYST_01,completed,2025-11-30T08:00:00Z
H001628,E0191,EV_SOFT_07,declined,2025-11-30T08:00:00Z
H001711,E0200,EV_CUSTOMER_SUPPORT_06,declined,2025-11-30T08:00:00Z
H000130,E0023,EV_SOFT_06,completed,2025-12-01T08:00:00Z
H000527,E0073,EV_SOFT_09,completed,2025-12-01T08:00:00Z
H_RESERVED_E0002_3,E0002,EV_SOFT_00,skipped,2025-12-01T08:00:00Z
H000829,E0110,EV_SOFT_00,declined,2025-12-02T08:00:00Z
H001331,E0159,EV_SOFT_08,skipped,2025-12-02T08:00:00Z
H001372,E0163,EV_SOFT_04,declined,2025-12-02T08:00:00Z
H000881,E0113,EV_QA_04,skipped,2025-12-03T08:00:00Z
H000929,E0118,EV_SOFT_08,declined,2025-12-03T08:00:00Z
H001447,E0169,EV_SOFT_03,skipped,2025-12-03T08:00:00Z
H001639,E0192,EV_SOFT_07,skipped,2025-12-03T08:00:00Z
H000029,E0013,EV_BACKEND_01,completed,2025-12-04T08:00:00Z
H000541,E0074,EV_SOFT_04,completed,2025-12-04T08:00:00Z
H000567,E0076,EV_SOFT_08,skipped,2025-12-04T08:00:00Z
H001234,E0146,EV_SOFT_07,declined,2025-12-04T08:00:00Z
H000982,E0123,EV_SOFT_07,completed,2025-12-05T08:00:00Z
H001134,E0137,EV_SOFT_09,skipped,2025-12-06T08:00:00Z
H001688,E0197,EV_SOFT_02,skipped,2025-12-06T08:00:00Z
H000514,E0071,EV_DATA_ANALYST_01,skipped,2025-12-07T08:00:00Z
H000687,E0092,EV_SOFT_04,declined,2025-12-07T08:00:00Z
H001265,E0151,EV_SOFT_03,skipped,2025-12-07T08:00:00Z
H001313,E0156,EV_PRODUCT_03,completed,2025-12-08T08:00:00Z
H001119,E0135,EV_PRODUCT_01,completed,2025-12-11T08:00:00Z
H000044,E0014,EV_SOFT_02,skipped,2025-12-12T08:00:00Z
H001172,E0139,EV_SOFT_02,completed,2025-12-12T08:00:00Z
H000400,E0059,EV_SOFT_01,skipped,2025-12-13T08:00:00Z
H000451,E0064,EV_SOFT_00,completed,2025-12-13T08:00:00Z
H000535,E0073,EV_SOFT_05,completed,2025-12-13T08:00:00Z
H001321,E0157,EV_PRODUCT_04,declined,2025-12-13T08:00:00Z
H001538,E0179,EV_CUSTOMER_SUPPORT_02,completed,2025-12-13T08:00:00Z
H000407,E0059,EV_DATA_ANALYST_05,completed,2025-12-14T08:00:00Z
H001078,E0131,EV_SOFT_00,skipped,2025-12-14T08:00:00Z
H001607,E0189,EV_SOFT_08,skipped,2025-12-14T08:00:00Z
H000630,E0084,EV_QA_05,skipped,2025-12-15T08:00:00Z
H000886,E0114,EV_SOFT_04,completed,2025-12-15T08:00:00Z
H001528,E0177,EV_CUSTOMER_SUPPORT_05,skipped,2025-12-15T08:00:00Z
H000097,E0019,EV_SOFT_04,skipped,2025-12-16T08:00:00Z
H000292,E0039,EV_SOFT_03,skipped,2025-12-16T08:00:00Z
H000760,E0099,EV_QA_03,declined,2025-12-16T08:00:00Z
H000109,E0022,EV_SOFT_09,completed,2025-12-17T08:00:00Z
H000300,E0039,EV_BACKEND_01,declined,2025-12-17T08:00:00Z
H000319,E0047,EV_SOFT_05,declined,2025-12-17T08:00:00Z
H000334,E0048,EV_DATA_ANALYST_04,completed,2025-12-17T08:00:00Z
H000500,E0069,EV_DATA_ANALYST_02,skipped,2025-12-17T08:00:00Z
H000793,E0104,EV_SOFT_07,completed,2025-12-17T08:00:00Z
H000864,E0112,EV_SOFT_07,completed,2025-12-17T08:00:00Z
H001028,E0128,EV_PRODUCT_04,completed,2025-12-17T08:00:00Z
H000147,E0026,EV_SOFT_02,skipped,2025-12-19T08:00:00Z
H001088,E0132,EV_SOFT_01,declined,2025-12-19T08:00:00Z
H001342,E0161,EV_SOFT_04,completed,2025-12-20T08:00:00Z
H001583,E0184,EV_CUSTOMER_SUPPORT_02,completed,2025-12-20T08:00:00Z
H001697,E0199,EV_CUSTOMER_SUPPORT_01,completed,2025-12-20T08:00:00Z
H001665,E0196,EV_SOFT_02,completed,2025-12-21T08:00:00Z
H000812,E0105,EV_SOFT_06,completed,2025-12-22T08:00:00Z
H000035,E0013,EV_SOFT_04,completed,2025-12-23T08:00:00Z
H000417,E0061,EV_SOFT_03,completed,2025-12-23T08:00:00Z
H000613,E0082,EV_QA_05,completed,2025-12-23T08:00:00Z
H001040,E0128,EV_PRODUCT_03,completed,2025-12-23T08:00:00Z
H000700,E0093,EV_SOFT_09,completed,2025-12-24T08:00:00Z
H001647,E0193,EV_SOFT_06,completed,2025-12-24T08:00:00Z
H000835,E0110,EV_SOFT_04,skipped,2025-12-25T08:00:00Z
H000764,E0099,EV_QA_01,completed,2025-12-26T08:00:00Z
H000732,E0096,EV_SOFT_05,completed,2025-12-27T08:00:00Z
H001354,E0162,EV_SOFT_09,skipped,2025-12-27T08:00:00Z
H000371,E0055,EV_SOFT_03,completed,2025-12-28T08:00:00Z
H000616,E0082,EV_SOFT_01,completed,2025-12-28T08:00:00Z
H000768,E0099,EV_SOFT_02,declined,2025-12-28T08:00:00Z
H001533,E0178,EV_CUSTOMER_SUPPORT_04,completed,2025-12-28T08:00:00Z
H000059,E0016,EV_SOFT_09,declined,2025-12-29T08:00:00Z
H000510,E0070,EV_SOFT_04,completed,2025-12-29T08:00:00Z
H000647,E0088,EV_SOFT_08,declined,2025-12-30T08:00:00Z
H000699,E0093,EV_SOFT_01,completed,2025-12-30T08:00:00Z
H001157,E0139,EV_PRODUCT_01,completed,2025-12-30T08:00:00Z
H001434,E0167,EV_SOFT_01,declined,2025-12-30T08:00:00Z
H000128,E0023,EV_BACKEND_03,completed,2025-12-31T08:00:00Z
H000195,E0030,EV_BACKEND_01,completed,2025-12-31T08:00:00Z
H000338,E0048,EV_SOFT_05,skipped,2025-12-31T08:00:00Z
H000816,E0107,EV_QA_01,skipped,2025-12-31T08:00:00Z
H001386,E0164,EV_CUSTOMER_SUPPORT_02,completed,2026-01-01T08:00:00Z
H001431,E0167,EV_SOFT_02,completed,2026-01-01T08:00:00Z
H000117,E0022,EV_SOFT_00,skipped,2026-01-02T08:00:00Z
H000167,E0028,EV_BACKEND_03,completed,2026-01-02T08:00:00Z
H000780,E0100,EV_QA_05,completed,2026-01-02T08:00:00Z
H001155,E0138,EV_PRODUCT_02,completed,2026-01-02T08:00:00Z
H000188,E0029,EV_SOFT_07,skipped,2026-01-03T08:00:00Z
H000499,E0069,EV_DATA_ANALYST_05,completed,2026-01-03T08:00:00Z
H000974,E0122,EV_SOFT_08,skipped,2026-01-03T08:00:00Z
H001253,E0150,EV_SOFT_05,completed,2026-01-03T08:00:00Z
H000574,E0076,EV_SOFT_05,declined,2026-01-04T08:00:00Z
H000631,E0084,EV_SOFT_06,completed,2026-01-04T08:00:00Z
H001018,E0127,EV_SOFT_04,declined,2026-01-04T08:00:00Z
H000080,E0017,EV_SOFT_04,declined,2026-01-05T08:00:00Z
H000426,E0062,EV_SOFT_08,completed,2026-01-05T08:00:00Z
H001515,E0175,EV_CUSTOMER_SUPPORT_03,skipped,2026-01-05T08:00:00Z
H000422,E0061,EV_DATA_ANALYST_04,completed,2026-01-06T08:00:00Z
H000445,E0064,EV_DATA_ANALYST_02,skipped,2026-01-06T08:00:00Z
H000598,E0079,EV_SOFT_07,completed,2026-01-06T08:00:00Z
H000739,E0096,EV_QA_01,completed,2026-01-06T08:00:00Z
H001150,E0138,EV_SOFT_04,completed,2026-01-07T08:00:00Z
H001475,E0172,EV_SOFT_02,completed,2026-01-07T08:00:00Z
H000651,E0089,EV_SOFT_02,declined,2026-01-08T08:00:00Z
H001275,E0153,EV_SOFT_03,declined,2026-01-08T08:00:00Z
H001391,E0165,EV_CUSTOMER_SUPPORT_03,skipped,2026-01-08T08:00:00Z
H001478,E0172,EV_SOFT_00,declined,2026-01-08T08:00:00Z
H000753,E0098,EV_QA_02,completed,2026-01-09T08:00:00Z
H000767,E0099,EV_SOFT_08,completed,2026-01-09T08:00:00Z
H000602,E0079,EV_DATA_ANALYST_06,completed,2026-01-10T08:00:00Z
H000255,E0036,EV_BACKEND_02,skipped,2026-01-11T08:00:00Z
H000389,E0058,EV_DATA_ANALYST_03,completed,2026-01-11T08:00:00Z
H000461,E0065,EV_DATA_ANALYST_03,completed,2026-01-11T08:00:00Z
H000494,E0069,EV_SOFT_04,completed,2026-01-11T08:00:00Z
H001375,E0163,EV_SOFT_07,completed,2026-01-11T08:00:00Z
H000177,E0028,EV_BACKEND_01,completed,2026-01-12T08:00:00Z
H000883,E0113,EV_SOFT_02,skipped,2026-01-12T08:00:00Z
H001690,E0197,EV_SOFT_01,completed,2026-01-12T08:00:00Z
H000053,E0016,EV_SOFT_03,skipped,2026-01-14T08:00:00Z
H000871,E0112,EV_SOFT_01,skipped,2026-01-15T08:00:00Z
H001562,E0183,EV_SOFT_01,completed,2026-01-15T08:00:00Z
H000208,E0031,EV_SOFT_02,completed,2026-01-16T08:00:00Z
H000452,E0064,EV_DATA_ANALYST_01,completed,2026-01-16T08:00:00Z
H000570,E0076,EV_SOFT_07,declined,2026-01-16T08:00:00Z
H001482,E0172,EV_CUSTOMER_SUPPORT_01,declined,2026-01-16T08:00:00Z
H000800,E0104,EV_SOFT_01,completed,2026-01-17T08:00:00Z
H000909,E0116,EV_SOFT_01,declined,2026-01-17T08:00:00Z
H001159,E0139,EV_SOFT_00,completed,2026-01-17T08:00:00Z
H001339,E0161,EV_SOFT_09,completed,2026-01-17T08:00:00Z
H000644,E0086,EV_QA_02,completed,2026-01-18T08:00:00Z
H001661,E0195,EV_SOFT_05,completed,2026-01-18T08:00:00Z
H001073,E0131,EV_PRODUCT_04,completed,2026-01-20T08:00:00Z
H001694,E0198,EV_SOFT_04,completed,2026-01-21T08:00:00Z
H000508,E0070,EV_SOFT_01,completed,2026-01-22T08:00:00Z
H000564,E0076,EV_DATA_ANALYST_03,completed,2026-01-22T08:00:00Z
H001079,E0131,EV_SOFT_00,skipped,2026-01-22T08:00:00Z
H001560,E0182,EV_SOFT_03,skipped,2026-01-22T08:00:00Z
H000648,E0088,EV_QA_03,skipped,2026-01-23T08:00:00Z
H001158,E0139,EV_PRODUCT_03,skipped,2026-01-23T08:00:00Z
H000076,E0017,EV_BACKEND_02,skipped,2026-01-24T08:00:00Z
H000448,E0064,EV_DATA_ANALYST_02,declined,2026-01-24T08:00:00Z
H000954,E0120,EV_SOFT_02,completed,2026-01-24T08:00:00Z
H001242,E0148,EV_SOFT_06,completed,2026-01-24T08:00:00Z
H000601,E0079,EV_DATA_ANALYST_01,completed,2026-01-25T08:00:00Z
H000606,E0081,EV_SOFT_04,completed,2026-01-25T08:00:00Z
H001286,E0154,EV_SOFT_03,completed,2026-01-25T08:00:00Z
H000041,E0014,EV_BACKEND_01,completed,2026-01-26T08:00:00Z
H001557,E0182,EV_SOFT_06,skipped,2026-01-26T08:00:00Z
H001684,E0197,EV_SOFT_08,completed,2026-01-26T08:00:00Z
H001702,E0200,EV_SOFT_07,skipped,2026-01-26T08:00:00Z
H000119,E0022,EV_BACKEND_04,skipped,2026-01-27T08:00:00Z
H000876,E0113,EV_QA_06,declined,2026-01-27T08:00:00Z
H001650,E0193,EV_SOFT_05,completed,2026-01-27T08:00:00Z
H001703,E0200,EV_CUSTOMER_SUPPORT_05,completed,2026-01-27T08:00:00Z
H000624,E0084,EV_SOFT_03,skipped,2026-01-28T08:00:00Z
H000722,E0095,EV_SOFT_05,completed,2026-01-28T08:00:00Z
H001122,E0136,EV_PRODUCT_03,skipped,2026-01-28T08:00:00Z
H001281,E0153,EV_SOFT_04,completed,2026-01-28T08:00:00Z
H001085,E0132,EV_SOFT_06,completed,2026-01-29T08:00:00Z
H001351,E0162,EV_CUSTOMER_SUPPORT_05,completed,2026-01-29T08:00:00Z
H001014,E0127,EV_SOFT_08,completed,2026-01-30T08:00:00Z
H001556,E0181,EV_SOFT_03,completed,2026-01-30T08:00:00Z
H001622,E0190,EV_CUSTOMER_SUPPORT_02,completed,2026-01-31T08:00:00Z
H000691,E0092,EV_QA_04,completed,2026-02-01T08:00:00Z
H001631,E0191,EV_SOFT_08,completed,2026-02-01T08:00:00Z
H001300,E0154,EV_SOFT_00,completed,2026-02-02T08:00:00Z
H000127,E0023,EV_BACKEND_05,completed,2026-02-03T08:00:00Z
H000180,E0029,EV_BACKEND_03,declined,2026-02-03T08:00:00Z
H000571,E0076,EV_SOFT_01,skipped,2026-02-03T08:00:00Z
H000705,E0094,EV_QA_03,completed,2026-02-03T08:00:00Z
H001619,E0189,EV_CUSTOMER_SUPPORT_05,completed,2026-02-03T08:00:00Z
H001103,E0134,EV_SOFT_03,completed,2026-02-04T08:00:00Z
H001314,E0156,EV_SOFT_01,declined,2026-02-04T08:00:00Z
H001493,E0173,EV_SOFT_03,declined,2026-02-04T08:00:00Z
H000838,E0110,EV_QA_01,completed,2026-02-05T08:00:00Z
H001444,E0168,EV_CUSTOMER_SUPPORT_04,completed,2026-02-05T08:00:00Z
H000695,E0093,EV_SOFT_06,completed,2026-02-06T08:00:00Z
H000899,E0115,EV_SOFT_03,completed,2026-02-06T08:00:00Z
H001063,E0130,EV_SOFT_01,completed,2026-02-06T08:00:00Z
H001357,E0162,EV_SOFT_08,declined,2026-02-06T08:00:00Z
H001440,E0168,EV_CUSTOMER_SUPPORT_01,completed,2026-02-07T08:00:00Z
H000102,E0022,EV_SOFT_05,completed,2026-02-09T08:00:00Z
H000926,E0117,EV_SOFT_09,completed,2026-02-09T08:00:00Z
H000464,E0065,EV_SOFT_03,completed,2026-02-10T08:00:00Z
H001370,E0163,EV_CUSTOMER_SUPPORT_03,skipped,2026-02-10T08:00:00Z
H000431,E0062,EV_DATA_ANALYST_05,skipped,2026-02-11T08:00:00Z
H000946,E0120,EV_SOFT_05,skipped,2026-02-11T08:00:00Z
H000306,E0040,EV_BACKEND_06,skipped,2026-02-12T08:00:00Z
H001229,E0146,EV_SOFT_07,declined,2026-02-12T08:00:00Z
H000418,E0061,EV_SOFT_02,completed,2026-02-13T08:00:00Z
H000374,E0056,EV_DATA_ANALYST_02,completed,2026-02-14T08:00:00Z
H000056,E0016,EV_SOFT_06,completed,2026-02-15T08:00:00Z
H000750,E0098,EV_QA_03,completed,2026-02-15T08:00:00Z
H001008,E0126,EV_SOFT_00,declined,2026-02-15T08:00:00Z
H001561,E0182,EV_CUSTOMER_SUPPORT_04,declined,2026-02-15T08:00:00Z
H000914,E0116,EV_QA_03,completed,2026-02-16T08:00:00Z
H001525,E0175,EV_SOFT_02,completed,2026-02-16T08:00:00Z
H001595,E0187,EV_CUSTOMER_SUPPORT_02,skipped,2026-02-16T08:00:00Z
H001706,E0200,EV_SOFT_07,skipped,2026-02-16T08:00:00Z
H000008,E0011,EV_SOFT_02,skipped,2026-02-17T08:00:00Z
H000599,E0079,EV_SOFT_09,completed,2026-02-17T08:00:00Z
H000792,E0104,EV_SOFT_08,skipped,2026-02-17T08:00:00Z
H001617,E0189,EV_SOFT_03,completed,2026-02-17T08:00:00Z
H000744,E0097,EV_SOFT_09,completed,2026-02-18T08:00:00Z
H001084,E0132,EV_SOFT_01,declined,2026-02-18T08:00:00Z
H001020,E0127,EV_PRODUCT_04,declined,2026-02-19T08:00:00Z
H001643,E0192,EV_SOFT_05,skipped,2026-02-19T08:00:00Z
H001691,E0197,EV_CUSTOMER_SUPPORT_06,skipped,2026-02-19T08:00:00Z
H000085,E0019,EV_SOFT_09,completed,2026-02-20T08:00:00Z
H000994,E0125,EV_SOFT_04,completed,2026-02-20T08:00:00Z
H001278,E0153,EV_PRODUCT_05,declined,2026-02-20T08:00:00Z
H001602,E0188,EV_SOFT_02,declined,2026-02-20T08:00:00Z
H000017,E0011,EV_SOFT_06,skipped,2026-02-21T08:00:00Z
H000301,E0039,EV_BACKEND_03,completed,2026-02-21T08:00:00Z
H001052,E0130,EV_PRODUCT_01,completed,2026-02-21T08:00:00Z
H000022,E0012,EV_SOFT_09,skipped,2026-02-22T08:00:00Z
H000057,E0016,EV_BACKEND_05,completed,2026-02-22T08:00:00Z
H000067,E0016,EV_SOFT_04,completed,2026-02-22T08:00:00Z
H000456,E0065,EV_DATA_ANALYST_05,completed,2026-02-22T08:00:00Z
H000550,E0074,EV_DATA_ANALYST_06,completed,2026-02-23T08:00:00Z
H000004,E0009,EV_BACKEND_02,completed,2026-02-24T08:00:00Z
H000971,E0122,EV_SOFT_04,completed,2026-02-24T08:00:00Z
H001578,E0183,EV_SOFT_00,completed,2026-02-24T08:00:00Z
H000040,E0014,EV_BACKEND_02,skipped,2026-02-25T08:00:00Z
H001439,E0168,EV_CUSTOMER_SUPPORT_02,declined,2026-02-25T08:00:00Z
H000990,E0125,EV_PRODUCT_03,completed,2026-02-26T08:00:00Z
H001359,E0162,EV_CUSTOMER_SUPPORT_02,completed,2026-02-26T08:00:00Z
H000596,E0079,EV_SOFT_05,skipped,2026-02-27T08:00:00Z
H000795,E0104,EV_QA_06,completed,2026-02-27T08:00:00Z
H001066,E0131,EV_PRODUCT_02,declined,2026-02-27T08:00:00Z
H001283,E0153,EV_SOFT_07,skipped,2026-02-27T08:00:00Z
H001627,E0191,EV_CUSTOMER_SUPPORT_02,completed,2026-02-27T08:00:00Z
H001087,E0132,EV_SOFT_08,declined,2026-02-28T08:00:00Z
H001289,E0154,EV_SOFT_09,completed,2026-02-28T08:00:00Z
H001527,E0177,EV_CUSTOMER_SUPPORT_02,skipped,2026-02-28T08:00:00Z
H000447,E0064,EV_DATA_ANALYST_02,skipped,2026-03-01T08:00:00Z
H000501,E0069,EV_SOFT_03,skipped,2026-03-01T08:00:00Z
H001220,E0145,EV_SOFT_02,completed,2026-03-01T08:00:00Z
H000231,E0034,EV_SOFT_05,completed,2026-03-02T08:00:00Z
H000693,E0092,EV_SOFT_07,declined,2026-03-03T08:00:00Z
H001106,E0134,EV_PRODUCT_03,skipped,2026-03-03T08:00:00Z
H001696,E0199,EV_SOFT_03,declined,2026-03-03T08:00:00Z
H000278,E0038,EV_SOFT_02,completed,2026-03-04T08:00:00Z
H001293,E0154,EV_PRODUCT_03,declined,2026-03-04T08:00:00Z
H000202,E0031,EV_BACKEND_01,skipped,2026-03-05T08:00:00Z
H000266,E0037,EV_BACKEND_03,completed,2026-03-05T08:00:00Z
H000370,E0055,EV_DATA_ANALYST_01,declined,2026-03-05T08:00:00Z
H000558,E0075,EV_DATA_ANALYST_01,skipped,2026-03-05T08:00:00Z
H000671,E0090,EV_QA_02,completed,2026-03-05T08:00:00Z
H000694,E0092,EV_SOFT_05,skipped,2026-03-05T08:00:00Z
H001168,E0139,EV_SOFT_09,skipped,2026-03-05T08:00:00Z
H001604,E0189,EV_CUSTOMER_SUPPORT_05,declined,2026-03-05T08:00:00Z
H001653,E0193,EV_CUSTOMER_SUPPORT_02,completed,2026-03-05T08:00:00Z
H000062,E0016,EV_BACKEND_02,skipped,2026-03-06T08:00:00Z
H000111,E0022,EV_SOFT_04,completed,2026-03-06T08:00:00Z
H000736,E0096,EV_QA_05,skipped,2026-03-06T08:00:00Z
H000980,E0122,EV_SOFT_00,skipped,2026-03-06T08:00:00Z
H001000,E0125,EV_SOFT_00,skipped,2026-03-06T08:00:00Z
H001137,E0137,EV_PRODUCT_03,completed,2026-03-06T08:00:00Z
H000827,E0110,EV_SOFT_05,completed,2026-03-07T08:00:00Z
H001102,E0134,EV_SOFT_01,declined,2026-03-07T08:00:00Z
H001255,E0150,EV_SOFT_02,skipped,2026-03-07T08:00:00Z
H001037,E0128,EV_PRODUCT_02,completed,2026-03-09T08:00:00Z
H001581,E0184,EV_SOFT_02,skipped,2026-03-09T08:00:00Z
H001430,E0167,EV_SOFT_09,skipped,2026-03-10T08:00:00Z
H000434,E0062,EV_SOFT_04,completed,2026-03-12T08:00:00Z
H000454,E0065,EV_SOFT_05,skipped,2026-03-14T08:00:00Z
H000597,E0079,EV_DATA_ANALYST_04,completed,2026-03-14T08:00:00Z
H001149,E0138,EV_PRODUCT_01,completed,2026-03-14T08:00:00Z
H000975,E0122,EV_SOFT_08,completed,2026-03-15T08:00:00Z
H001142,E0138,EV_PRODUCT_04,skipped,2026-03-15T08:00:00Z
H001692,E0197,EV_SOFT_02,completed,2026-03-15T08:00:00Z
H000471,E0067,EV_SOFT_00,completed,2026-03-16T08:00:00Z
H000511,E0070,EV_DATA_ANALYST_02,skipped,2026-03-16T08:00:00Z
H001435,E0168,EV_SOFT_08,completed,2026-03-16T08:00:00Z
H000361,E0053,EV_SOFT_05,completed,2026-03-18T08:00:00Z
H000458,E0065,EV_DATA_ANALYST_04,completed,2026-03-18T08:00:00Z
H001522,E0175,EV_SOFT_06,skipped,2026-03-18T08:00:00Z
H000485,E0068,EV_SOFT_05,completed,2026-03-19T08:00:00Z
H000547,E0074,EV_SOFT_07,completed,2026-03-19T08:00:00Z
H000129,E0023,EV_SOFT_01,completed,2026-03-20T08:00:00Z
H000237,E0034,EV_SOFT_00,skipped,2026-03-20T08:00:00Z
H000952,E0120,EV_SOFT_07,completed,2026-03-20T08:00:00Z
H001104,E0134,EV_PRODUCT_01,declined,2026-03-20T08:00:00Z
H001454,E0170,EV_SOFT_04,completed,2026-03-20T08:00:00Z
H001306,E0156,EV_PRODUCT_01,skipped,2026-03-21T08:00:00Z
H001436,E0168,EV_SOFT_09,declined,2026-03-21T08:00:00Z
H000113,E0022,EV_SOFT_02,skipped,2026-03-22T08:00:00Z
H000343,E0051,EV_DATA_ANALYST_05,completed,2026-03-22T08:00:00Z
H000469,E0067,EV_DATA_ANALYST_02,completed,2026-03-22T08:00:00Z
H001110,E0134,EV_PRODUCT_04,completed,2026-03-23T08:00:00Z
H001171,E0139,EV_SOFT_07,completed,2026-03-24T08:00:00Z
H001266,E0151,EV_SOFT_01,completed,2026-03-24T08:00:00Z
H001605,E0189,EV_SOFT_02,completed,2026-03-24T08:00:00Z
H000136,E0024,EV_SOFT_04,skipped,2026-03-25T08:00:00Z
H000254,E0036,EV_BACKEND_03,declined,2026-03-25T08:00:00Z
H000340,E0049,EV_SOFT_00,completed,2026-03-25T08:00:00Z
H001024,E0127,EV_PRODUCT_03,skipped,2026-03-25T08:00:00Z
H001456,E0170,EV_CUSTOMER_SUPPORT_01,skipped,2026-03-25T08:00:00Z
H001614,E0189,EV_SOFT_09,completed,2026-03-25T08:00:00Z
H001449,E0169,EV_SOFT_09,declined,2026-03-26T08:00:00Z
H001585,E0184,EV_SOFT_03,completed,2026-03-27T08:00:00Z
H000027,E0013,EV_BACKEND_03,completed,2026-03-28T08:00:00Z
H000262,E0037,EV_SOFT_03,completed,2026-03-28T08:00:00Z
H000522,E0073,EV_DATA_ANALYST_06,completed,2026-03-28T08:00:00Z
H000704,E0093,EV_QA_05,completed,2026-03-28T08:00:00Z
H001385,E0164,EV_SOFT_05,completed,2026-03-28T08:00:00Z
H000652,E0089,EV_QA_05,declined,2026-03-29T08:00:00Z
H000138,E0024,EV_BACKEND_03,completed,2026-03-30T08:00:00Z
H000220,E0032,EV_SOFT_04,declined,2026-03-30T08:00:00Z
H000349,E0051,EV_SOFT_01,completed,2026-03-30T08:00:00Z
H001668,E0196,EV_CUSTOMER_SUPPORT_06,completed,2026-03-30T08:00:00Z
H000587,E0078,EV_SOFT_06,declined,2026-03-31T08:00:00Z
H000659,E0090,EV_SOFT_03,skipped,2026-03-31T08:00:00Z
H000095,E0019,EV_SOFT_01,skipped,2026-04-01T08:00:00Z
H000575,E0076,EV_SOFT_09,completed,2026-04-01T08:00:00Z
H000925,E0117,EV_QA_04,completed,2026-04-01T08:00:00Z
H000957,E0121,EV_SOFT_03,declined,2026-04-01T08:00:00Z
H000981,E0122,EV_PRODUCT_02,completed,2026-04-01T08:00:00Z
H001047,E0129,EV_PRODUCT_01,completed,2026-04-01T08:00:00Z
H000050,E0015,EV_SOFT_08,skipped,2026-04-02T08:00:00Z
H000271,E0038,EV_SOFT_03,skipped,2026-04-02T08:00:00Z
H000738,E0096,EV_SOFT_01,declined,2026-04-02T08:00:00Z
H000275,E0038,EV_SOFT_08,completed,2026-04-03T08:00:00Z
H001508,E0174,EV_SOFT_06,skipped,2026-04-03T08:00:00Z
H000256,E0036,EV_SOFT_07,declined,2026-04-04T08:00:00Z
H001041,E0128,EV_SOFT_01,declined,2026-04-04T08:00:00Z
H001495,E0173,EV_SOFT_02,declined,2026-04-04T08:00:00Z
H000171,E0028,EV_SOFT_01,completed,2026-04-05T08:00:00Z
H001115,E0135,EV_SOFT_02,skipped,2026-04-06T08:00:00Z
H000681,E0091,EV_SOFT_06,declined,2026-04-07T08:00:00Z
H000093,E0019,EV_BACKEND_05,skipped,2026-04-08T08:00:00Z
H000108,E0022,EV_BACKEND_05,skipped,2026-04-08T08:00:00Z
H000819,E0109,EV_SOFT_04,completed,2026-04-09T08:00:00Z
H001183,E0141,EV_SOFT_05,completed,2026-04-09T08:00:00Z
H001187,E0141,EV_SOFT_07,declined,2026-04-09T08:00:00Z
H000623,E0083,EV_SOFT_00,completed,2026-04-10T08:00:00Z
H000675,E0091,EV_SOFT_00,completed,2026-04-10T08:00:00Z
H000934,E0119,EV_SOFT_04,declined,2026-04-10T08:00:00Z
H001219,E0145,EV_PRODUCT_04,completed,2026-04-10T08:00:00Z
H001182,E0141,EV_SOFT_03,declined,2026-04-11T08:00:00Z
H000439,E0062,EV_DATA_ANALYST_01,completed,2026-04-12T08:00:00Z
H001211,E0145,EV_SOFT_05,completed,2026-04-12T08:00:00Z
H001279,E0153,EV_SOFT_05,completed,2026-04-12T08:00:00Z
H001535,E0179,EV_SOFT_06,completed,2026-04-12T08:00:00Z
H000023,E0012,EV_SOFT_01,completed,2026-04-13T08:00:00Z
H000174,E0028,EV_SOFT_05,declined,2026-04-13T08:00:00Z
H001181,E0141,EV_SOFT_02,completed,2026-04-13T08:00:00Z
H001481,E0172,EV_SOFT_01,completed,2026-04-13T08:00:00Z
H000863,E0112,EV_SOFT_08,completed,2026-04-14T08:00:00Z
H001419,E0166,EV_SOFT_03,completed,2026-04-14T08:00:00Z
H000025,E0013,EV_SOFT_03,completed,2026-04-15T08:00:00Z
H000251,E0036,EV_SOFT_08,skipped,2026-04-15T08:00:00Z
H000311,E0046,EV_SOFT_02,skipped,2026-04-15T08:00:00Z
H000684,E0092,EV_QA_05,skipped,2026-04-15T08:00:00Z
H001463,E0170,EV_SOFT_05,completed,2026-04-15T08:00:00Z
H001689,E0197,EV_SOFT_07,declined,2026-04-15T08:00:00Z
H001681,E0197,EV_SOFT_02,skipped,2026-04-16T08:00:00Z
H001686,E0197,EV_SOFT_03,declined,2026-04-16T08:00:00Z
H000110,E0022,EV_BACKEND_04,declined,2026-04-17T08:00:00Z
H000776,E0100,EV_SOFT_01,skipped,2026-04-17T08:00:00Z
H001118,E0135,EV_PRODUCT_03,completed,2026-04-17T08:00:00Z
H001565,E0183,EV_SOFT_03,declined,2026-04-17T08:00:00Z
H000212,E0032,EV_SOFT_08,completed,2026-04-18T08:00:00Z
H000415,E0060,EV_SOFT_02,skipped,2026-04-18T08:00:00Z
H001531,E0178,EV_SOFT_04,declined,2026-04-20T08:00:00Z
H000506,E0069,EV_SOFT_06,skipped,2026-04-22T08:00:00Z
H001144,E0138,EV_SOFT_08,declined,2026-04-22T08:00:00Z
H000959,E0121,EV_SOFT_00,skipped,2026-04-23T08:00:00Z
H001093,E0132,EV_SOFT_03,completed,2026-04-23T08:00:00Z
H001411,E0166,EV_SOFT_01,skipped,2026-04-24T08:00:00Z
H000069,E0017,EV_SOFT_08,skipped,2026-04-26T08:00:00Z
H001503,E0174,EV_SOFT_00,declined,2026-04-26T08:00:00Z
H000342,E0051,EV_DATA_ANALYST_03,skipped,2026-04-27T08:00:00Z
H001545,E0179,EV_SOFT_00,completed,2026-04-27T08:00:00Z
H000440,E0062,EV_SOFT_05,completed,2026-04-28T08:00:00Z
H001080,E0132,EV_SOFT_07,skipped,2026-04-28T08:00:00Z
H001514,E0174,EV_SOFT_03,declined,2026-04-28T08:00:00Z
H000591,E0079,EV_SOFT_08,declined,2026-04-29T08:00:00Z
H001609,E0189,EV_SOFT_06,declined,2026-04-29T08:00:00Z
H000594,E0079,EV_SOFT_03,declined,2026-04-30T08:00:00Z
H000658,E0090,EV_SOFT_02,completed,2026-05-02T08:00:00Z
H001126,E0136,EV_PRODUCT_02,completed,2026-05-02T08:00:00Z
H000187,E0029,EV_SOFT_09,completed,2026-05-03T08:00:00Z
H000465,E0065,EV_DATA_ANALYST_06,completed,2026-05-03T08:00:00Z
H000650,E0089,EV_SOFT_04,skipped,2026-05-03T08:00:00Z
H000385,E0058,EV_SOFT_00,declined,2026-05-04T08:00:00Z
H000079,E0017,EV_SOFT_04,declined,2026-05-05T08:00:00Z
H000372,E0055,EV_DATA_ANALYST_04,completed,2026-05-05T08:00:00Z
H000950,E0120,EV_SOFT_06,completed,2026-05-05T08:00:00Z
H001216,E0145,EV_PRODUCT_01,completed,2026-05-05T08:00:00Z
H000161,E0027,EV_SOFT_06,completed,2026-05-06T08:00:00Z
H000165,E0028,EV_SOFT_00,completed,2026-05-06T08:00:00Z
H000200,E0031,EV_SOFT_08,completed,2026-05-06T08:00:00Z
H000507,E0070,EV_DATA_ANALYST_06,completed,2026-05-06T08:00:00Z
H000533,E0073,EV_SOFT_02,completed,2026-05-06T08:00:00Z
H000889,E0114,EV_SOFT_00,completed,2026-05-06T08:00:00Z
H000968,E0122,EV_SOFT_01,completed,2026-05-06T08:00:00Z
H001334,E0159,EV_SOFT_07,completed,2026-05-07T08:00:00Z
H001552,E0180,EV_SOFT_06,completed,2026-05-07T08:00:00Z
H000258,E0037,EV_SOFT_04,completed,2026-05-08T08:00:00Z
H000347,E0051,EV_SOFT_09,completed,2026-05-08T08:00:00Z
H000457,E0065,EV_SOFT_01,completed,2026-05-08T08:00:00Z
H001019,E0127,EV_SOFT_06,completed,2026-05-08T08:00:00Z
H001205,E0144,EV_PRODUCT_01,completed,2026-05-08T08:00:00Z
H000730,E0096,EV_QA_02,declined,2026-05-09T08:00:00Z
H000964,E0122,EV_SOFT_02,completed,2026-05-09T08:00:00Z
H001091,E0132,EV_PRODUCT_03,completed,2026-05-10T08:00:00Z
H000425,E0062,EV_SOFT_06,declined,2026-05-12T08:00:00Z
H000737,E0096,EV_QA_05,skipped,2026-05-12T08:00:00Z
H000831,E0110,EV_SOFT_02,skipped,2026-05-12T08:00:00Z
H001476,E0172,EV_CUSTOMER_SUPPORT_02,declined,2026-05-13T08:00:00Z
H000560,E0076,EV_DATA_ANALYST_06,skipped,2026-05-14T08:00:00Z
H001667,E0196,EV_CUSTOMER_SUPPORT_05,completed,2026-05-14T08:00:00Z
H000123,E0023,EV_SOFT_01,skipped,2026-05-16T08:00:00Z
H001147,E0138,EV_SOFT_01,declined,2026-05-16T08:00:00Z
H001530,E0177,EV_CUSTOMER_SUPPORT_02,completed,2026-05-16T08:00:00Z
H001613,E0189,EV_CUSTOMER_SUPPORT_01,completed,2026-05-16T08:00:00Z
H000065,E0016,EV_SOFT_09,completed,2026-05-18T08:00:00Z
H000228,E0033,EV_SOFT_02,skipped,2026-05-18T08:00:00Z
H000459,E0065,EV_SOFT_09,completed,2026-05-18T08:00:00Z
H001441,E0168,EV_SOFT_03,completed,2026-05-18T08:00:00Z
H000235,E0034,EV_SOFT_07,completed,2026-05-19T08:00:00Z
H000163,E0027,EV_BACKEND_04,completed,2026-05-20T08:00:00Z
H000772,E0100,EV_QA_02,declined,2026-05-21T08:00:00Z
H001393,E0165,EV_SOFT_02,completed,2026-05-21T08:00:00Z
H001455,E0170,EV_SOFT_09,completed,2026-05-21T08:00:00Z
H001505,E0174,EV_CUSTOMER_SUPPORT_03,completed,2026-05-21T08:00:00Z
H001256,E0150,EV_SOFT_00,skipped,2026-05-22T08:00:00Z
H001693,E0198,EV_SOFT_08,completed,2026-05-22T08:00:00Z
H001390,E0165,EV_CUSTOMER_SUPPORT_02,completed,2026-05-23T08:00:00Z
H001635,E0191,EV_SOFT_00,completed,2026-05-23T08:00:00Z
H001575,E0183,EV_SOFT_05,completed,2026-05-24T08:00:00Z
H000653,E0089,EV_SOFT_09,skipped,2026-05-25T08:00:00Z
H000680,E0091,EV_SOFT_04,declined,2026-05-25T08:00:00Z
H000751,E0098,EV_SOFT_08,completed,2026-05-25T08:00:00Z
H001221,E0145,EV_PRODUCT_05,completed,2026-05-25T08:00:00Z
H001586,E0184,EV_CUSTOMER_SUPPORT_01,declined,2026-05-26T08:00:00Z
H001042,E0128,EV_SOFT_09,completed,2026-05-27T08:00:00Z
H000330,E0047,EV_SOFT_00,completed,2026-05-28T08:00:00Z
H000542,E0074,EV_DATA_ANALYST_04,completed,2026-05-29T08:00:00Z
H001012,E0126,EV_SOFT_02,completed,2026-05-29T08:00:00Z
H000538,E0073,EV_SOFT_04,declined,2026-05-30T08:00:00Z
H001239,E0148,EV_SOFT_04,completed,2026-05-30T08:00:00Z
H001284,E0153,EV_SOFT_02,skipped,2026-05-30T08:00:00Z
H001519,E0175,EV_SOFT_05,completed,2026-05-31T08:00:00Z
H000337,E0048,EV_SOFT_04,completed,2026-06-01T08:00:00Z
H001448,E0169,EV_CUSTOMER_SUPPORT_02,completed,2026-06-01T08:00:00Z
H000034,E0013,EV_SOFT_06,declined,2026-06-02T08:00:00Z
H000272,E0038,EV_BACKEND_03,completed,2026-06-02T08:00:00Z
H000958,E0121,EV_SOFT_07,declined,2026-06-02T08:00:00Z
H001165,E0139,EV_PRODUCT_04,declined,2026-06-02T08:00:00Z
H001294,E0154,EV_SOFT_06,declined,2026-06-02T08:00:00Z
H000894,E0114,EV_SOFT_05,skipped,2026-06-03T08:00:00Z
H000524,E0073,EV_DATA_ANALYST_01,completed,2026-06-04T08:00:00Z
H001015,E0127,EV_SOFT_09,completed,2026-06-04T08:00:00Z
H001558,E0182,EV_SOFT_09,skipped,2026-06-04T08:00:00Z
H000115,E0022,EV_SOFT_03,skipped,2026-06-05T08:00:00Z
H000433,E0062,EV_SOFT_01,skipped,2026-06-05T08:00:00Z
H000504,E0069,EV_DATA_ANALYST_04,completed,2026-06-05T08:00:00Z
H000834,E0110,EV_QA_01,skipped,2026-06-05T08:00:00Z
H001031,E0128,EV_SOFT_08,declined,2026-06-05T08:00:00Z
H001112,E0134,EV_SOFT_01,completed,2026-06-05T08:00:00Z
H001409,E0166,EV_SOFT_06,skipped,2026-06-05T08:00:00Z
H000154,E0026,EV_SOFT_04,skipped,2026-06-06T08:00:00Z
H001208,E0144,EV_PRODUCT_04,completed,2026-06-06T08:00:00Z
H001226,E0145,EV_SOFT_04,declined,2026-06-06T08:00:00Z
H000058,E0016,EV_SOFT_07,completed,2026-06-08T08:00:00Z
H001471,E0171,EV_CUSTOMER_SUPPORT_02,completed,2026-06-08T08:00:00Z
H000907,E0115,EV_SOFT_04,completed,2026-06-09T08:00:00Z
H000977,E0122,EV_PRODUCT_03,skipped,2026-06-09T08:00:00Z
H000605,E0081,EV_SOFT_08,declined,2026-06-10T08:00:00Z
H001485,E0172,EV_SOFT_05,completed,2026-06-10T08:00:00Z
H001579,E0184,EV_CUSTOMER_SUPPORT_05,completed,2026-06-11T08:00:00Z
H001682,E0197,EV_SOFT_04,completed,2026-06-11T08:00:00Z
H000274,E0038,EV_SOFT_04,declined,2026-06-12T08:00:00Z
H000634,E0084,EV_SOFT_00,declined,2026-06-12T08:00:00Z
H001394,E0165,EV_SOFT_09,skipped,2026-06-12T08:00:00Z
H001678,E0197,EV_SOFT_06,skipped,2026-06-12T08:00:00Z
H000088,E0019,EV_SOFT_00,skipped,2026-06-13T08:00:00Z
H000225,E0032,EV_SOFT_06,completed,2026-06-13T08:00:00Z
H001195,E0142,EV_PRODUCT_01,declined,2026-06-13T08:00:00Z
H000870,E0112,EV_SOFT_05,declined,2026-06-16T08:00:00Z
H001223,E0145,EV_SOFT_00,completed,2026-06-16T08:00:00Z
H000178,E0028,EV_SOFT_05,skipped,2026-06-17T08:00:00Z
H001174,E0140,EV_PRODUCT_02,skipped,2026-06-17T08:00:00Z
H000209,E0031,EV_SOFT_07,completed,2026-06-18T08:00:00Z
H000373,E0055,EV_SOFT_08,completed,2026-06-18T08:00:00Z
H000607,E0081,EV_SOFT_06,completed,2026-06-19T08:00:00Z
H000686,E0092,EV_QA_05,completed,2026-06-19T08:00:00Z
H000828,E0110,EV_SOFT_08,skipped,2026-06-19T08:00:00Z
H001428,E0167,EV_CUSTOMER_SUPPORT_04,completed,2026-06-19T08:00:00Z
H000937,E0119,EV_QA_06,declined,2026-06-20T08:00:00Z
H001646,E0193,EV_CUSTOMER_SUPPORT_04,skipped,2026-06-21T08:00:00Z
H000103,E0022,EV_SOFT_07,skipped,2026-06-22T08:00:00Z
H000375,E0056,EV_SOFT_07,skipped,2026-06-22T08:00:00Z
H001067,E0131,EV_SOFT_09,skipped,2026-06-22T08:00:00Z
H000270,E0037,EV_SOFT_02,completed,2026-06-23T08:00:00Z
H000273,E0038,EV_SOFT_04,skipped,2026-06-23T08:00:00Z
H000983,E0123,EV_PRODUCT_03,completed,2026-06-23T08:00:00Z
H001009,E0126,EV_PRODUCT_03,declined,2026-06-23T08:00:00Z
H001576,E0183,EV_SOFT_03,completed,2026-06-23T08:00:00Z
H000215,E0032,EV_BACKEND_03,skipped,2026-06-24T08:00:00Z
H000276,E0038,EV_SOFT_02,skipped,2026-06-24T08:00:00Z
H000685,E0092,EV_SOFT_09,skipped,2026-06-24T08:00:00Z
H001329,E0159,EV_SOFT_02,completed,2026-06-24T08:00:00Z
H001373,E0163,EV_SOFT_01,skipped,2026-06-25T08:00:00Z
H000749,E0097,EV_SOFT_02,completed,2026-06-27T08:00:00Z
H001621,E0190,EV_SOFT_05,skipped,2026-06-27T08:00:00Z
H001632,E0191,EV_SOFT_09,completed,2026-06-27T08:00:00Z
H000976,E0122,EV_PRODUCT_03,declined,2026-06-28T08:00:00Z
H001669,E0196,EV_SOFT_03,completed,2026-06-29T08:00:00Z
H000321,E0047,EV_DATA_ANALYST_03,completed,2026-06-30T08:00:00Z
H000836,E0110,EV_QA_05,completed,2026-06-30T08:00:00Z
H000194,E0030,EV_SOFT_09,skipped,2026-07-01T08:00:00Z
H000576,E0077,EV_DATA_ANALYST_04,completed,2026-07-01T08:00:00Z
H000713,E0094,EV_SOFT_00,completed,2026-07-01T08:00:00Z
H000931,E0118,EV_SOFT_04,completed,2026-07-01T08:00:00Z
H001101,E0134,EV_SOFT_09,completed,2026-07-01T08:00:00Z
H001381,E0164,EV_SOFT_08,skipped,2026-07-02T08:00:00Z
H001420,E0166,EV_SOFT_04,completed,2026-07-02T08:00:00Z
H001645,E0192,EV_SOFT_06,completed,2026-07-02T08:00:00Z
H000013,E0011,EV_SOFT_08,completed,2026-07-04T08:00:00Z
H000566,E0076,EV_SOFT_03,skipped,2026-07-05T08:00:00Z
H000632,E0084,EV_SOFT_01,declined,2026-07-05T08:00:00Z
H000895,E0114,EV_QA_05,completed,2026-07-05T08:00:00Z
H000032,E0013,EV_SOFT_07,skipped,2026-07-06T08:00:00Z
H000061,E0016,EV_SOFT_05,skipped,2026-07-06T08:00:00Z
H000585,E0078,EV_DATA_ANALYST_03,completed,2026-07-06T08:00:00Z
H000999,E0125,EV_PRODUCT_04,completed,2026-07-06T08:00:00Z
H001059,E0130,EV_SOFT_06,completed,2026-07-06T08:00:00Z
H000031,E0013,EV_SOFT_05,skipped,2026-07-07T08:00:00Z
H001307,E0156,EV_PRODUCT_05,completed,2026-07-07T08:00:00Z
H001521,E0175,EV_CUSTOMER_SUPPORT_04,completed,2026-07-07T08:00:00Z
H000366,E0053,EV_SOFT_03,declined,2026-07-08T08:00:00Z
H001566,E0183,EV_SOFT_04,completed,2026-07-08T08:00:00Z
H000515,E0071,EV_DATA_ANALYST_02,completed,2026-07-09T08:00:00Z
H000785,E0102,EV_SOFT_09,completed,2026-07-09T08:00:00Z
H001567,E0183,EV_CUSTOMER_SUPPORT_04,completed,2026-07-09T08:00:00Z
H001098,E0134,EV_SOFT_05,completed,2026-07-11T08:00:00Z
H001383,E0164,EV_CUSTOMER_SUPPORT_01,skipped,2026-07-11T08:00:00Z
H001559,E0182,EV_SOFT_09,skipped,2026-07-11T08:00:00Z
H001629,E0191,EV_SOFT_04,declined,2026-07-11T08:00:00Z
H000191,E0029,EV_BACKEND_06,skipped,2026-07-12T08:00:00Z
H000509,E0070,EV_SOFT_05,skipped,2026-07-12T08:00:00Z
H001592,E0186,EV_SOFT_06,skipped,2026-07-12T08:00:00Z
H001541,E0179,EV_CUSTOMER_SUPPORT_01,skipped,2026-07-14T08:00:00Z
H001523,E0175,EV_SOFT_07,completed,2026-07-15T08:00:00Z
H000572,E0076,EV_SOFT_02,skipped,2026-07-16T08:00:00Z
H000573,E0076,EV_DATA_ANALYST_01,skipped,2026-07-16T08:00:00Z
H000655,E0089,EV_SOFT_08,completed,2026-07-16T08:00:00Z
H000796,E0104,EV_QA_01,completed,2026-07-16T08:00:00Z
H000346,E0051,EV_SOFT_04,skipped,2026-07-17T08:00:00Z
H000884,E0113,EV_QA_04,skipped,2026-07-17T08:00:00Z
H001177,E0141,EV_SOFT_04,completed,2026-07-17T08:00:00Z
H001244,E0148,EV_PRODUCT_06,completed,2026-07-17T08:00:00Z
H001257,E0150,EV_SOFT_04,completed,2026-07-17T08:00:00Z
H001507,E0174,EV_SOFT_00,completed,2026-07-17T08:00:00Z
H000172,E0028,EV_SOFT_03,skipped,2026-07-18T08:00:00Z
H000222,E0032,EV_BACKEND_04,declined,2026-07-18T08:00:00Z
H001598,E0188,EV_CUSTOMER_SUPPORT_02,completed,2026-07-18T08:00:00Z
H001374,E0163,EV_CUSTOMER_SUPPORT_01,completed,2026-07-19T08:00:00Z
H000517,E0071,EV_SOFT_01,completed,2026-07-20T08:00:00Z
H001016,E0127,EV_SOFT_06,declined,2026-07-20T08:00:00Z
H000024,E0013,EV_SOFT_02,completed,2026-07-21T08:00:00Z
H000166,E0028,EV_BACKEND_01,skipped,2026-07-21T08:00:00Z
H000399,E0059,EV_SOFT_00,completed,2026-07-21T08:00:00Z
H000505,E0069,EV_SOFT_05,skipped,2026-07-21T08:00:00Z
H000898,E0115,EV_SOFT_02,completed,2026-07-21T08:00:00Z
H000158,E0027,EV_SOFT_07,completed,2026-07-22T08:00:00Z
H000192,E0029,EV_BACKEND_03,completed,2026-07-22T08:00:00Z
H000993,E0125,EV_SOFT_04,declined,2026-07-22T08:00:00Z
H000269,E0037,EV_BACKEND_05,declined,2026-07-23T08:00:00Z
H001005,E0125,EV_PRODUCT_05,skipped,2026-07-23T08:00:00Z
H001308,E0156,EV_SOFT_03,skipped,2026-07-23T08:00:00Z
H001062,E0130,EV_PRODUCT_03,completed,2026-07-24T08:00:00Z
H001125,E0136,EV_SOFT_00,completed,2026-07-24T08:00:00Z
H000939,E0119,EV_SOFT_00,declined,2026-07-25T08:00:00Z
H000298,E0039,EV_BACKEND_02,completed,2026-07-26T08:00:00Z
H000383,E0058,EV_SOFT_08,completed,2026-07-26T08:00:00Z
H001506,E0174,EV_SOFT_03,declined,2026-07-26T08:00:00Z
H001656,E0193,EV_SOFT_03,completed,2026-07-26T08:00:00Z
H001401,E0165,EV_SOFT_00,completed,2026-07-27T08:00:00Z
H000498,E0069,EV_SOFT_05,skipped,2026-07-28T08:00:00Z
H000716,E0094,EV_SOFT_04,skipped,2026-07-28T08:00:00Z
H001649,E0193,EV_SOFT_03,skipped,2026-07-28T08:00:00Z
H000520,E0071,EV_DATA_ANALYST_03,completed,2026-07-29T08:00:00Z
H000717,E0094,EV_SOFT_08,skipped,2026-07-29T08:00:00Z
H001285,E0153,EV_SOFT_08,completed,2026-07-29T08:00:00Z
H001488,E0172,EV_CUSTOMER_SUPPORT_04,skipped,2026-07-29T08:00:00Z
H000593,E0079,EV_DATA_ANALYST_05,skipped,2026-07-30T08:00:00Z
H000030,E0013,EV_SOFT_09,skipped,2026-07-31T08:00:00Z
H000046,E0014,EV_SOFT_04,skipped,2026-07-31T08:00:00Z
H001251,E0148,EV_PRODUCT_05,completed,2026-07-31T08:00:00Z
H001453,E0170,EV_SOFT_00,completed,2026-08-01T08:00:00Z
H001207,E0144,EV_SOFT_03,completed,2026-08-02T08:00:00Z
H001245,E0148,EV_PRODUCT_01,declined,2026-08-02T08:00:00Z
H000825,E0109,EV_SOFT_07,skipped,2026-08-03T08:00:00Z
H001023,E0127,EV_SOFT_07,completed,2026-08-03T08:00:00Z
H001156,E0138,EV_SOFT_01,completed,2026-08-03T08:00:00Z
H001491,E0172,EV_SOFT_08,skipped,2026-08-03T08:00:00Z
H000603,E0080,EV_DATA_ANALYST_02,skipped,2026-08-04T08:00:00Z
H000140,E0026,EV_BACKEND_03,completed,2026-08-05T08:00:00Z
H001330,E0159,EV_PRODUCT_03,completed,2026-08-05T08:00:00Z
H001355,E0162,EV_CUSTOMER_SUPPORT_04,completed,2026-08-05T08:00:00Z
H000146,E0026,EV_SOFT_02,skipped,2026-08-06T08:00:00Z
H000261,E0037,EV_SOFT_06,completed,2026-08-06T08:00:00Z
H001203,E0144,EV_SOFT_04,skipped,2026-08-06T08:00:00Z
H000562,E0076,EV_DATA_ANALYST_04,skipped,2026-08-07T08:00:00Z
H000579,E0077,EV_SOFT_09,completed,2026-08-07T08:00:00Z
H001620,E0189,EV_CUSTOMER_SUPPORT_06,skipped,2026-08-07T08:00:00Z
H001407,E0166,EV_CUSTOMER_SUPPORT_04,completed,2026-08-08T08:00:00Z
H001513,E0174,EV_CUSTOMER_SUPPORT_04,completed,2026-08-08T08:00:00Z
H000725,E0095,EV_QA_04,completed,2026-08-09T08:00:00Z
H000350,E0051,EV_DATA_ANALYST_03,completed,2026-08-10T08:00:00Z
H000413,E0060,EV_DATA_ANALYST_04,skipped,2026-08-10T08:00:00Z
H000756,E0099,EV_QA_01,skipped,2026-08-10T08:00:00Z
H000813,E0106,EV_QA_02,declined,2026-08-10T08:00:00Z
H001452,E0170,EV_SOFT_08,completed,2026-08-10T08:00:00Z
H001577,E0183,EV_SOFT_08,completed,2026-08-11T08:00:00Z
H000218,E0032,EV_SOFT_00,completed,2026-08-12T08:00:00Z
H000287,E0038,EV_SOFT_07,skipped,2026-08-12T08:00:00Z
H000345,E0051,EV_SOFT_02,completed,2026-08-14T08:00:00Z
H000394,E0059,EV_SOFT_03,skipped,2026-08-14T08:00:00Z
H000549,E0074,EV_DATA_ANALYST_06,declined,2026-08-14T08:00:00Z
H001379,E0164,EV_CUSTOMER_SUPPORT_01,declined,2026-08-14T08:00:00Z
H001571,E0183,EV_CUSTOMER_SUPPORT_02,skipped,2026-08-14T08:00:00Z
H000259,E0037,EV_SOFT_09,declined,2026-08-15T08:00:00Z
H000967,E0122,EV_SOFT_00,declined,2026-08-15T08:00:00Z
H001025,E0127,EV_PRODUCT_04,completed,2026-08-15T08:00:00Z
H000645,E0088,EV_QA_03,declined,2026-08-16T08:00:00Z
H001215,E0145,EV_PRODUCT_06,completed,2026-08-16T08:00:00Z
H001344,E0161,EV_CUSTOMER_SUPPORT_04,completed,2026-08-16T08:00:00Z
H001624,E0190,EV_SOFT_06,completed,2026-08-16T08:00:00Z
H000006,E0009,EV_SOFT_00,completed,2026-08-18T08:00:00Z
H000066,E0016,EV_BACKEND_04,skipped,2026-08-18T08:00:00Z
H000084,E0019,EV_BACKEND_03,completed,2026-08-18T08:00:00Z
H001680,E0197,EV_SOFT_08,skipped,2026-08-18T08:00:00Z
H000480,E0068,EV_SOFT_00,skipped,2026-08-19T08:00:00Z
H001116,E0135,EV_SOFT_01,declined,2026-08-19T08:00:00Z
H000211,E0032,EV_SOFT_03,declined,2026-08-20T08:00:00Z
H000460,E0065,EV_SOFT_04,declined,2026-08-20T08:00:00Z
H001224,E0145,EV_PRODUCT_03,completed,2026-08-20T08:00:00Z
H000082,E0019,EV_SOFT_05,completed,2026-08-21T08:00:00Z
H000818,E0109,EV_SOFT_07,declined,2026-08-21T08:00:00Z
H001685,E0197,EV_CUSTOMER_SUPPORT_06,skipped,2026-08-21T08:00:00Z
H000015,E0011,EV_BACKEND_01,completed,2026-08-22T08:00:00Z
H000055,E0016,EV_SOFT_03,completed,2026-08-22T08:00:00Z
H000118,E0022,EV_SOFT_00,completed,2026-08-22T08:00:00Z
H000410,E0060,EV_SOFT_00,skipped,2026-08-22T08:00:00Z
H000832,E0110,EV_SOFT_07,skipped,2026-08-22T08:00:00Z
H001389,E0165,EV_SOFT_05,completed,2026-08-22T08:00:00Z
H000283,E0038,EV_SOFT_00,completed,2026-08-23T08:00:00Z
H000565,E0076,EV_DATA_ANALYST_04,skipped,2026-08-23T08:00:00Z
H000608,E0081,EV_QA_05,completed,2026-08-23T08:00:00Z
H000875,E0113,EV_SOFT_01,skipped,2026-08-23T08:00:00Z
H000133,E0023,EV_BACKEND_02,completed,2026-08-24T08:00:00Z
H000561,E0076,EV_SOFT_02,declined,2026-08-24T08:00:00Z
H001138,E0137,EV_SOFT_01,completed,2026-08-24T08:00:00Z
H000388,E0058,EV_SOFT_04,completed,2026-08-25T08:00:00Z
H000595,E0079,EV_SOFT_03,completed,2026-08-25T08:00:00Z
H000830,E0110,EV_QA_04,completed,2026-08-25T08:00:00Z
H000987,E0124,EV_SOFT_04,declined,2026-08-25T08:00:00Z
H000033,E0013,EV_BACKEND_02,skipped,2026-08-26T08:00:00Z
H001258,E0150,EV_PRODUCT_02,completed,2026-08-26T08:00:00Z
H000142,E0026,EV_BACKEND_02,completed,2026-08-27T08:00:00Z
H000358,E0052,EV_DATA_ANALYST_03,completed,2026-08-27T08:00:00Z
H000641,E0086,EV_SOFT_04,completed,2026-08-27T08:00:00Z
H001543,E0179,EV_SOFT_09,completed,2026-08-27T08:00:00Z
H000010,E0011,EV_BACKEND_02,skipped,2026-08-28T08:00:00Z
H000141,E0026,EV_SOFT_04,declined,2026-08-28T08:00:00Z
H000260,E0037,EV_SOFT_02,skipped,2026-08-29T08:00:00Z
H000268,E0037,EV_BACKEND_04,skipped,2026-08-29T08:00:00Z
H001412,E0166,EV_SOFT_04,skipped,2026-08-29T08:00:00Z
H001163,E0139,EV_PRODUCT_03,completed,2026-08-30T08:00:00Z
H000207,E0031,EV_BACKEND_01,completed,2026-08-31T08:00:00Z
H001326,E0158,EV_PRODUCT_02,declined,2026-08-31T08:00:00Z
H001053,E0130,EV_SOFT_04,declined,2026-09-01T08:00:00Z
H001276,E0153,EV_PRODUCT_02,declined,2026-09-01T08:00:00Z
H001405,E0165,EV_CUSTOMER_SUPPORT_01,completed,2026-09-01T08:00:00Z
H001473,E0171,EV_CUSTOMER_SUPPORT_04,completed,2026-09-01T08:00:00Z
H000201,E0031,EV_SOFT_04,completed,2026-09-02T08:00:00Z
H001353,E0162,EV_SOFT_03,declined,2026-09-02T08:00:00Z
H000869,E0112,EV_SOFT_03,skipped,2026-09-03T08:00:00Z
H001479,E0172,EV_SOFT_04,completed,2026-09-03T08:00:00Z
H000578,E0077,EV_SOFT_01,declined,2026-09-04T08:00:00Z
H000669,E0090,EV_SOFT_04,completed,2026-09-04T08:00:00Z
H001250,E0148,EV_PRODUCT_02,completed,2026-09-05T08:00:00Z
H001367,E0163,EV_SOFT_02,completed,2026-09-05T08:00:00Z
H000729,E0096,EV_SOFT_04,completed,2026-09-06T08:00:00Z
H001395,E0165,EV_CUSTOMER_SUPPORT_01,skipped,2026-09-06T08:00:00Z
H000104,E0022,EV_SOFT_02,declined,2026-09-07T08:00:00Z
H000339,E0048,EV_SOFT_01,declined,2026-09-07T08:00:00Z
H000354,E0052,EV_SOFT_06,declined,2026-09-08T08:00:00Z
H000933,E0119,EV_QA_05,completed,2026-09-08T08:00:00Z
H001546,E0179,EV_SOFT_01,declined,2026-09-08T08:00:00Z
H000203,E0031,EV_BACKEND_03,skipped,2026-09-09T08:00:00Z
H000589,E0079,EV_SOFT_06,skipped,2026-09-09T08:00:00Z
H000590,E0079,EV_SOFT_00,declined,2026-09-09T08:00:00Z
H001311,E0156,EV_PRODUCT_03,declined,2026-09-09T08:00:00Z
H001612,E0189,EV_SOFT_05,completed,2026-09-09T08:00:00Z
H001249,E0148,EV_PRODUCT_03,skipped,2026-09-10T08:00:00Z
H000284,E0038,EV_SOFT_01,completed,2026-09-11T08:00:00Z
H000642,E0086,EV_SOFT_02,completed,2026-09-11T08:00:00Z
H000213,E0032,EV_BACKEND_05,completed,2026-09-12T08:00:00Z
H000640,E0086,EV_SOFT_09,completed,2026-09-12T08:00:00Z
H000643,E0086,EV_SOFT_00,declined,2026-09-12T08:00:00Z
H000900,E0115,EV_QA_01,declined,2026-09-12T08:00:00Z
H000376,E0057,EV_DATA_ANALYST_03,skipped,2026-09-13T08:00:00Z
H001517,E0175,EV_SOFT_03,completed,2026-09-13T08:00:00Z
H000935,E0119,EV_SOFT_02,skipped,2026-09-14T08:00:00Z
H001194,E0142,EV_PRODUCT_02,completed,2026-09-14T08:00:00Z
H001320,E0157,EV_SOFT_04,declined,2026-09-14T08:00:00Z
H000114,E0022,EV_BACKEND_03,completed,2026-09-15T08:00:00Z
H000390,E0058,EV_DATA_ANALYST_05,declined,2026-09-15T08:00:00Z
H000677,E0091,EV_SOFT_05,completed,2026-09-15T08:00:00Z
H000877,E0113,EV_SOFT_02,declined,2026-09-15T08:00:00Z
H000014,E0011,EV_BACKEND_01,skipped,2026-09-16T08:00:00Z
H000496,E0069,EV_SOFT_02,completed,2026-09-16T08:00:00Z
H001069,E0131,EV_PRODUCT_02,skipped,2026-09-16T08:00:00Z
H001210,E0145,EV_SOFT_01,completed,2026-09-16T08:00:00Z
H000478,E0068,EV_SOFT_02,completed,2026-09-17T08:00:00Z
H000709,E0094,EV_QA_05,skipped,2026-09-17T08:00:00Z
H001033,E0128,EV_PRODUCT_03,skipped,2026-09-17T08:00:00Z
H001164,E0139,EV_PRODUCT_05,declined,2026-09-17T08:00:00Z
H000106,E0022,EV_SOFT_01,completed,2026-09-18T08:00:00Z
H000107,E0022,EV_BACKEND_01,declined,2026-09-18T08:00:00Z
H000944,E0120,EV_SOFT_05,declined,2026-09-18T08:00:00Z
H001038,E0128,EV_PRODUCT_01,completed,2026-09-18T08:00:00Z
H000068,E0017,EV_SOFT_04,declined,2026-09-19T08:00:00Z
H001026,E0127,EV_SOFT_00,completed,2026-09-19T08:00:00Z
H001043,E0128,EV_SOFT_04,declined,2026-09-19T08:00:00Z
H000193,E0029,EV_SOFT_05,declined,2026-09-20T08:00:00Z
H000360,E0052,EV_DATA_ANALYST_01,completed,2026-09-20T08:00:00Z
H000823,E0109,EV_QA_06,completed,2026-09-20T08:00:00Z
H000853,E0111,EV_SOFT_00,declined,2026-09-21T08:00:00Z
H001034,E0128,EV_SOFT_03,completed,2026-09-21T08:00:00Z
H000487,E0068,EV_SOFT_01,skipped,2026-09-22T08:00:00Z
H001022,E0127,EV_SOFT_02,completed,2026-09-22T08:00:00Z
H001228,E0146,EV_SOFT_05,declined,2026-09-22T08:00:00Z
H001277,E0153,EV_SOFT_02,skipped,2026-09-22T08:00:00Z
